code,name,list_date,delist_date
600001,邯郸钢铁,1970-01-01 00:14:45.427200,1970-01-01 00:21:02.044800
600002,齐鲁退市,1970-01-01 00:14:51.993600,1970-01-01 00:19:05.836800
600003,ST东北高,1970-01-01 00:15:34.243200,1970-01-01 00:21:07.142400
600005,武钢股份,1970-01-01 00:15:33.638400,1970-01-01 00:24:47.030400
600065,*ST联 谊,1970-01-01 00:14:24.345600,1970-01-01 00:19:57.504000
600068,葛洲坝,1970-01-01 00:14:24.604800,1970-01-01 00:27:11.491200
600069,退市银鸽,1970-01-01 00:14:22.358400,1970-01-01 00:26:38.572800
600070,*ST富润,1970-01-01 00:14:25.382400,1970-01-01 00:29:05.971200
600074,退市保千,1970-01-01 00:14:27.024000,1970-01-01 00:26:31.142400
600077,*ST宋都,1970-01-01 00:14:24.086400,1970-01-01 00:28:10.243200
600083,*ST博信,1970-01-01 00:14:25.555200,1970-01-01 00:29:01.132800
600086,退市金钰,1970-01-01 00:14:25.555200,1970-01-01 00:26:56.025600
600087,退市长油,1970-01-01 00:14:26.073600,1970-01-01 00:23:21.926400
600090,退市济堂,1970-01-01 00:14:26.419200,1970-01-01 00:27:37.152000
600091,退市明科,1970-01-01 00:14:27.974400,1970-01-01 00:27:35.769600
600092,*ST精 密,1970-01-01 00:14:27.283200,1970-01-01 00:19:24.844800
600093,退市易见,1970-01-01 00:14:27.283200,1970-01-01 00:27:35.942400
600102,莱钢股份,1970-01-01 00:14:32.726400,1970-01-01 00:22:10.387200
600112,*ST天成,1970-01-01 00:14:40.588800,1970-01-01 00:28:43.680000
600122,*ST宏图,1970-01-01 00:14:53.030400,1970-01-01 00:28:07.737600
600139,*ST西源,1970-01-01 00:14:48.364800,1970-01-01 00:27:59.875200
600145,退市新亿,1970-01-01 00:15:38.044800,1970-01-01 00:27:31.104000
600146,退市环球,1970-01-01 00:15:31.305600,1970-01-01 00:27:36.547200
600175,退市美都,1970-01-01 00:15:23.529600,1970-01-01 00:26:37.622400
600181,*ST云 大,1970-01-01 00:15:06.940800,1970-01-01 00:19:40.656000
600190,退市锦港,1970-01-01 00:14:55.536000,1970-01-01 00:29:13.660800
600193,退市创兴,1970-01-01 00:15:27.763200,1970-01-01 00:29:43.296000
600200,退市苏吴,1970-01-01 00:15:22.924800,1970-01-01 00:29:27.139200
600205,S山东铝,1970-01-01 00:15:30.700800,1970-01-01 00:19:37.891200
600209,退市罗顿,1970-01-01 00:15:22.320000,1970-01-01 00:27:35.856000
600213,*ST亚星,1970-01-01 00:15:36.057600,1970-01-01 00:28:49.123200
600220,ST阳光,1970-01-01 00:15:38.390400,1970-01-01 00:28:40.569600
600225,退市卓朗,1970-01-01 00:15:48.931200,1970-01-01 00:29:01.219200
600240,退市华业,1970-01-01 00:16:02.150400,1970-01-01 00:26:20.947200
600242,退市中昌,1970-01-01 00:16:16.147200,1970-01-01 00:28:07.996800
600247,*ST成城,1970-01-01 00:16:14.937600,1970-01-01 00:26:56.371200
600253,天方药业,1970-01-01 00:16:17.875200,1970-01-01 00:22:53.846400
600260,*ST凯乐,1970-01-01 00:16:02.841600,1970-01-01 00:27:56.419200
600263,路桥建设,1970-01-01 00:16:04.483200,1970-01-01 00:22:10.560000
600270,外运发展,1970-01-01 00:16:17.961600,1970-01-01 00:25:45.955200
600275,退市昌鱼,1970-01-01 00:16:05.865600,1970-01-01 00:27:35.856000
600277,ST亿利,1970-01-01 00:16:04.483200,1970-01-01 00:28:41.260800
600286,*ST国 瓷,1970-01-01 00:15:44.697600,1970-01-01 00:19:40.569600
600290,*ST华仪,1970-01-01 00:16:13.468800,1970-01-01 00:28:25.363200
600291,退市西水,1970-01-01 00:16:05.001600,1970-01-01 00:27:35.164800
600296,S兰铝,1970-01-01 00:16:03.964800,1970-01-01 00:19:37.891200
600297,广汇汽车,1970-01-01 00:16:14.332800,1970-01-01 00:28:44.803200
600306,退市商城,1970-01-01 00:16:17.788800,1970-01-01 00:28:39.360000
600311,*ST荣华,1970-01-01 00:16:33.513600,1970-01-01 00:27:59.875200
600317,营口港,1970-01-01 00:16:52.435200,1970-01-01 00:26:51.878400
600321,正源股份,1970-01-01 00:16:30.662400,1970-01-01 00:28:39.446400
600355,*ST精伦,1970-01-01 00:17:03.926400,1970-01-01 00:29:37.248000
600357,承德钒钛,1970-01-01 00:17:11.270400,1970-01-01 00:21:02.044800
600385,退市金泰,1970-01-01 00:16:35.846400,1970-01-01 00:27:37.152000
600387,退市海越,1970-01-01 00:17:57.062400,1970-01-01 00:29:12.192000
600393,ST粤泰,1970-01-01 00:16:24.960000,1970-01-01 00:28:09.638400
600401,退市海润,1970-01-01 00:17:44.361600,1970-01-01 00:26:03.148800
600421,退市华嵘,1970-01-01 00:18:06.566400,1970-01-01 00:29:42.432000
600432,退市吉恩,1970-01-01 00:17:42.720000,1970-01-01 00:25:31.440000
600462,退市九有,1970-01-01 00:17:42.547200,1970-01-01 00:29:13.056000
600466,*ST蓝光,1970-01-01 00:16:21.936000,1970-01-01 00:28:06.009600
600472,包头铝业,1970-01-01 00:18:35.596800,1970-01-01 00:19:58.627200
600485,*ST信威,1970-01-01 00:17:40.214400,1970-01-01 00:27:02.505600
600532,退市未来,1970-01-01 00:17:16.022400,1970-01-01 00:28:07.910400
600553,太行水泥,1970-01-01 00:17:09.974400,1970-01-01 00:21:37.987200
600555,退市海创,1970-01-01 00:15:16.617600,1970-01-01 00:27:37.756800
600565,ST迪马,1970-01-01 00:17:07.382400,1970-01-01 00:28:42.988800
600591,*ST上航,1970-01-01 00:17:14.294400,1970-01-01 00:21:04.377600
600599,退市熊猫,1970-01-01 00:16:38.956800,1970-01-01 00:29:42.432000
600607,上实医药,1970-01-01 00:11:41.654400,1970-01-01 00:21:05.932800
600608,退市沪科,1970-01-01 00:11:41.654400,1970-01-01 00:29:43.036800
600614,退市鹏起,1970-01-01 00:11:52.281600,1970-01-01 00:27:06.912000
600625,PT水  仙,1970-01-01 00:12:06.278400,1970-01-01 00:16:28.156800
600627,上电股份,1970-01-01 00:12:07.315200,1970-01-01 00:20:27.657600
600631,百联股份,1970-01-01 00:12:10.080000,1970-01-01 00:21:54.057600
600632,华联商厦,1970-01-01 00:12:10.080000,1970-01-01 00:18:20.736000
600634,退市富控,1970-01-01 00:12:11.203200,1970-01-01 00:27:06.912000
600636,退市国化,1970-01-01 00:12:12.240000,1970-01-01 00:29:42.691200
600646,ST国  嘉,1970-01-01 00:12:16.473600,1970-01-01 00:17:44.275200
600647,退市同达,1970-01-01 00:12:16.473600,1970-01-01 00:28:39.964800
600652,退市游久,1970-01-01 00:11:01.564800,1970-01-01 00:27:35.769600
600656,退市博元,1970-01-01 00:11:01.564800,1970-01-01 00:24:23.097600
600659,*ST花 雕,1970-01-01 00:12:18.547200,1970-01-01 00:19:03.072000
600669,*ST鞍 成,1970-01-01 00:12:24.595200,1970-01-01 00:18:15.206400
600670,*ST斯 达,1970-01-01 00:12:24.854400,1970-01-01 00:18:15.984000
600672,*ST华 圣,1970-01-01 00:12:28.224000,1970-01-01 00:18:43.200000
600677,*ST航通,1970-01-01 00:12:29.174400,1970-01-01 00:26:56.025600
600680,*ST上普,1970-01-01 00:12:30.902400,1970-01-01 00:25:58.656000
600687,退市刚泰,1970-01-01 00:12:32.716800,1970-01-01 00:26:54.816000
600695,退市绿庭,1970-01-01 00:12:33.926400,1970-01-01 00:27:35.251200
600696,退市岩石,1970-01-01 00:12:35.136000,1970-01-01 00:29:42.691200
600700,*ST数 码,1970-01-01 00:13:50.822400,1970-01-01 00:18:47.174400
600701,退市工新,1970-01-01 00:13:53.241600,1970-01-01 00:27:00.259200
600705,中航产融,1970-01-01 00:13:52.204800,1970-01-01 00:29:08.304000
600709,ST生  态,1970-01-01 00:13:55.056000,1970-01-01 00:17:33.907200
600723,首商股份,1970-01-01 00:13:57.475200,1970-01-01 00:27:14.860800
600747,退市大控,1970-01-01 00:14:02.832000,1970-01-01 00:26:16.195200
600752,*ST哈 慈,1970-01-01 00:14:03.609600,1970-01-01 00:18:47.347200
600762,*ST金 荔,1970-01-01 00:14:06.201600,1970-01-01 00:19:55.516800
600766,退市园城,1970-01-01 00:14:06.460800,1970-01-01 00:28:39.964800
600767,退市运盛,1970-01-01 00:14:08.016000,1970-01-01 00:28:07.996800
600772,*ST龙 昌,1970-01-01 00:14:07.065600,1970-01-01 00:19:24.844800
600781,退市辅仁,1970-01-01 00:14:10.867200,1970-01-01 00:28:07.910400
600786,东锅退市,1970-01-01 00:14:11.644800,1970-01-01 00:20:06.316800
600788,*ST达 曼,1970-01-01 00:14:11.904000,1970-01-01 00:18:31.708800
600799,*ST龙 科,1970-01-01 00:14:21.148800,1970-01-01 00:18:56.332800
600804,退市鹏博,1970-01-01 00:12:37.555200,1970-01-01 00:29:11.500800
600806,退市昆机,1970-01-01 00:12:37.555200,1970-01-01 00:25:31.440000
600811,*ST东方,1970-01-01 00:12:37.814400,1970-01-01 00:29:05.971200
600813,ST鞍一工,1970-01-01 00:12:38.505600,1970-01-01 00:17:12.134400
600823,*ST世茂,1970-01-01 00:12:40.320000,1970-01-01 00:28:38.323200
600832,东方明珠,1970-01-01 00:12:42.048000,1970-01-01 00:23:52.080000
600836,*ST易连,1970-01-01 00:12:42.048000,1970-01-01 00:28:40.656000
600837,海通证券,1970-01-01 00:12:42.048000,1970-01-01 00:29:01.046400
600840,新湖创业,1970-01-01 00:12:43.344000,1970-01-01 00:20:51.331200
600842,中西药业,1970-01-01 00:12:43.344000,1970-01-01 00:21:05.932800
600852,*ST中 川,1970-01-01 00:12:45.417600,1970-01-01 00:18:46.828800
600856,退市中天,1970-01-01 00:12:47.232000,1970-01-01 00:27:35.856000
600870,退市厦华,1970-01-01 00:13:13.929600,1970-01-01 00:27:36.547200
600878,*ST北 科,1970-01-01 00:13:33.542400,1970-01-01 00:18:15.206400
600890,退市中房,1970-01-01 00:13:47.107200,1970-01-01 00:27:35.769600
600891,退市秋林,1970-01-01 00:13:47.712000,1970-01-01 00:27:00.777600
600896,退市海医,1970-01-01 00:13:51.081600,1970-01-01 00:27:38.707200
600898,*ST美讯,1970-01-01 00:13:49.785600,1970-01-01 00:28:59.145600
600899,*ST信 联,1970-01-01 00:13:50.476800,1970-01-01 00:18:47.260800
600978,*ST宜生,1970-01-01 00:18:13.305600,1970-01-01 00:26:56.371200
600991,广汽长丰,1970-01-01 00:18:07.171200,1970-01-01 00:22:12.201600
601028,玉龙股份,1970-01-01 00:22:00.624000,1970-01-01 00:29:08.304000
601258,*ST庞大,1970-01-01 00:21:43.948800,1970-01-01 00:28:08.083200
601268,*ST二重,1970-01-01 00:21:05.068800,1970-01-01 00:23:52.166400
601299,中国北车,1970-01-01 00:21:02.044800,1970-01-01 00:23:52.080000
601558,退市锐电,1970-01-01 00:21:34.876800,1970-01-01 00:26:33.734400
601989,中国重工,1970-01-01 00:21:00.921600,1970-01-01 00:29:17.030400
603003,退市龙宇,1970-01-01 00:22:25.161600,1970-01-01 00:29:11.500800
603056,德邦股份,1970-01-01 00:25:16.060800,1970-01-01 00:29:34.915200
603133,退市碳元,1970-01-01 00:24:49.968000,1970-01-01 00:28:39.964800
603157,退市拉夏,1970-01-01 00:25:06.297600,1970-01-01 00:27:33.350400
603388,*ST元成,1970-01-01 00:24:50.313600,1970-01-01 00:29:24.892800
603555,ST贵人,1970-01-01 00:23:10.521600,1970-01-01 00:28:31.670400
603603,退市博天,1970-01-01 00:24:47.289600,1970-01-01 00:28:34.003200
603963,*ST大药,1970-01-01 00:25:06.038400,1970-01-01 00:29:02.515200
603996,退市中新,1970-01-01 00:24:10.742400,1970-01-01 00:27:33.350400
605081,退市太和,1970-01-01 00:26:52.828800,1970-01-01 00:29:43.036800
688086,退市紫晶,1970-01-01 00:26:22.675200,1970-01-01 00:28:08.688000
688287,退市观典,1970-01-01 00:27:33.436800,1970-01-01 00:29:41.049600
688555,退市泽达,1970-01-01 00:26:32.870400,1970-01-01 00:28:08.688000
900935,阳晨Ｂ股,1970-01-01 00:13:26.803200,1970-01-01 00:24:41.846400
900949,东电Ｂ股,1970-01-01 00:14:34.972800,1970-01-01 00:23:03.782400
900950,新城Ｂ股,1970-01-01 00:14:36.960000,1970-01-01 00:24:08.236800
900951,退市大化,1970-01-01 00:14:37.392000,1970-01-01 00:26:38.572800
900953,凯马Ｂ,1970-01-01 00:14:58.646400,1970-01-01 00:28:40.137600
900956,东贝Ｂ股,1970-01-01 00:15:31.996800,1970-01-01 00:26:46.089600
900957,*ST凌云B,1970-01-01 00:16:04.742400,1970-01-01 00:29:11.587200
