code,name,is_st
000001,平安银行,False
000002,万  科Ａ,False
000006,深振业Ａ,False
000007,全新好,False
000008,神州高铁,False
000009,中国宝安,False
000010,*ST美丽,True
000011,深物业A,False
000012,南  玻Ａ,False
000014,沙河股份,False
000016,*ST康佳A,True
000017,深中华A,False
000019,深粮控股,False
000020,深华发Ａ,False
000021,深科技,False
000025,特  力Ａ,False
000026,飞亚达,False
000027,深圳能源,False
000028,国药一致,False
000029,深深房Ａ,False
000030,富奥股份,False
000031,大悦城,False
000032,深桑达Ａ,False
000034,神州数码,False
000035,中国天楹,False
000036,华联控股,False
000037,深南电A,False
000039,中集集团,False
000042,中洲控股,False
000045,深纺织Ａ,False
000048,京基智农,False
000049,德赛电池,False
000050,深天马Ａ,False
000055,方大集团,False
000056,*ST皇庭,True
000058,深 赛 格,False
000059,华锦股份,False
000060,中金岭南,False
000061,农 产 品,False
000062,深圳华强,False
000063,中兴通讯,False
000065,北方国际,False
000066,中国长城,False
000068,华控赛格,False
000069,华侨城Ａ,False
000070,特发信息,False
000078,ST海王,True
000088,盐 田 港,False
000089,深圳机场,False
000090,天健集团,False
000096,广聚能源,False
000099,中信海直,False
000100,TCL科技,False
000151,中成股份,False
000153,丰原药业,False
000155,川能动力,False
000156,华数传媒,False
000157,中联重科,False
000158,常山北明,False
000159,国际实业,False
000166,申万宏源,False
000301,东方盛虹,False
000333,美的集团,False
000338,潍柴动力,False
000400,许继电气,False
000401,金隅冀东,False
000402,金 融 街,False
000403,派林生物,False
000404,长虹华意,False
000407,胜利股份,False
000408,藏格矿业,False
000409,云鼎科技,False
000410,沈阳机床,False
000411,英特集团,False
000415,渤海租赁,False
000417,合百集团,False
000419,通程控股,False
000420,吉林化纤,False
000421,南京公用,False
000422,湖北宜化,False
000423,东阿阿胶,False
000425,徐工机械,False
000426,兴业银锡,False
000428,华天酒店,False
000429,粤高速Ａ,False
000430,张家界,False
000488,ST晨鸣,True
000498,山东路桥,False
000501,武商集团,False
000503,国新健康,False
000504,南华生物,False
000505,京粮控股,False
000506,招金黄金,False
000507,珠海港,False
000509,华塑控股,False
000510,新金路,False
000513,丽珠集团,False
000514,渝 开 发,False
000516,国际医学,False
000517,荣安地产,False
000518,四环生物,False
000519,中兵红箭,False
000520,凤凰航运,False
000521,长虹美菱,False
000523,红棉股份,False
000524,岭南控股,False
000525,红太阳,False
000526,学大教育,False
000528,柳    工,False
000529,广弘控股,False
000530,冰山冷热,False
000531,穗恒运Ａ,False
000532,华金资本,False
000533,顺钠股份,False
000534,万泽股份,False
000536,华映科技,False
000537,绿发电力,False
000538,云南白药,False
000539,粤电力Ａ,False
000541,佛山照明,False
000543,皖能电力,False
000544,中原环保,False
000545,金浦钛业,False
000546,金圆股份,False
000547,航天发展,False
000548,湖南投资,False
000550,江铃汽车,False
000551,创元科技,False
000552,甘肃能化,False
000553,安道麦A,False
000554,泰山石油,False
000555,神州信息,False
000557,西部创业,False
000558,天府文旅,False
000559,万向钱潮,False
000560,我爱我家,False
000561,烽火电子,False
000563,陕国投Ａ,False
000564,供销大集,False
000565,渝三峡Ａ,False
000566,海南海药,False
000567,海德股份,False
000568,泸州老窖,False
000570,苏常柴Ａ,False
000571,新大洲A,False
000572,海马汽车,False
000573,粤宏远Ａ,False
000576,甘化科工,False
000581,威孚高科,False
000582,北部湾港,False
000586,汇源通信,False
000589,贵州轮胎,False
000590,古汉医药,False
000591,太阳能,False
000592,平潭发展,False
000593,德龙汇能,False
000595,新能股份,False
000596,古井贡酒,False
000597,东北制药,False
000598,兴蓉环境,False
000599,青岛双星,False
000600,建投能源,False
000601,韶能股份,False
000603,盛达资源,False
000605,渤海股份,False
000607,华媒控股,False
000608,阳光股份,False
000609,*ST中迪,True
000610,*ST西旅,True
000612,焦作万方,False
000615,*ST美谷,True
000617,中油资本,False
000619,海螺新材,False
000620,盈新发展,False
000623,吉林敖东,False
000625,长安汽车,False
000626,远大控股,False
000628,高新发展,False
000629,钒钛股份,False
000630,铜陵有色,False
000631,顺发恒能,False
000632,ST三木,True
000633,合金投资,False
000635,英 力 特,False
000636,风华高科,False
000637,茂化实华,False
000639,ST西王,True
000650,仁和药业,False
000651,格力电器,False
000652,泰达股份,False
000655,金岭矿业,False
000656,金科股份,False
000657,中钨高新,False
000659,珠海中富,False
000661,长春高新,False
000663,永安林业,False
000665,湖北广电,False
000668,荣丰控股,False
000669,ST金鸿,True
000670,盈方微,False
000672,上峰材料,False
000676,智度股份,False
000677,ST海龙,True
000678,襄阳轴承,False
000679,大连友谊,False
000680,山推股份,False
000681,视觉中国,False
000682,东方电子,False
000683,博源化工,False
000685,中山公用,False
000686,东北证券,False
000688,国城矿业,False
000690,宝新能源,False
000691,亚太实业,False
000692,惠天热电,False
000695,滨海能源,False
000697,炼石航空,False
000698,ST沈化,True
000700,模塑科技,False
000701,厦门信达,False
000702,正虹科技,False
000703,恒逸石化,False
000705,浙江震元,False
000707,双环科技,False
000708,中信特钢,False
000709,河钢股份,False
000710,贝瑞基因,False
000711,京蓝科技,False
000712,锦龙股份,False
000713,国投丰乐,False
000715,中兴商业,False
000716,黑芝麻,False
000717,中南股份,False
000718,苏宁环球,False
000719,中原传媒,False
000720,新能泰山,False
000721,西安饮食,False
000722,湖南发展,False
000723,美锦能源,False
000725,京东方Ａ,False
000726,鲁  泰Ａ,False
000727,冠捷科技,False
000728,国元证券,False
000729,燕京啤酒,False
000731,四川美丰,False
000733,振华科技,False
000735,罗 牛 山,False
000736,中交发展,False
000737,北方铜业,False
000738,航发控制,False
000739,普洛药业,False
000750,国海证券,False
000751,锌业股份,False
000752,*ST西发,True
000753,漳州发展,False
000755,山西高速,False
000756,新华制药,False
000757,浩物股份,False
000758,中色股份,False
000759,中百集团,False
000761,本钢板材,False
000762,西藏矿业,False
000766,通化金马,False
000767,晋控电力,False
000768,中航西飞,False
000776,广发证券,False
000777,中核科技,False
000778,新兴铸管,False
000779,甘咨询,False
000782,恒申新材,False
000783,长江证券,False
000785,居然智家,False
000786,北新建材,False
000788,北大医药,False
000789,万年青,False
000790,华神科技,False
000791,甘肃能源,False
000792,盐湖股份,False
000793,ST华闻,True
000795,英洛华,False
000796,凯撒旅业,False
000797,中国武夷,False
000798,中水渔业,False
000799,酒鬼酒,False
000800,一汽解放,False
000801,四川九洲,False
000802,北京文化,False
000803,山高环能,False
000807,云铝股份,False
000809,和展能源,False
000810,创维数字,False
000811,冰轮环境,False
000812,陕西金叶,False
000813,德展健康,False
000815,美利云,False
000816,智慧农业,False
000818,航锦科技,False
000819,岳阳兴长,False
000820,神雾节能,False
000821,ST京机,True
000822,山东海化,False
000823,超声电子,False
000825,太钢不锈,False
000826,*ST启环,True
000828,东莞控股,False
000829,天音控股,False
000830,鲁西化工,False
000831,中国稀土,False
000833,粤桂股份,False
000837,秦川机床,False
000838,*ST发展,True
000839,国安股份,False
000848,承德露露,False
000850,华茂股份,False
000852,石化机械,False
000856,冀东装备,False
000858,五 粮 液,False
000859,国风新材,False
000860,顺鑫农业,False
000862,银星能源,False
000863,三湘印象,False
000868,安凯客车,False
000869,张  裕Ａ,False
000875,电投绿能,False
000876,新 希 望,False
000877,天山股份,False
000878,云南铜业,False
000880,潍柴重机,False
000881,中广核技,False
000882,华联股份,False
000883,湖北能源,False
000885,城发环境,False
000886,海南高速,False
000887,中鼎股份,False
000888,峨眉山Ａ,False
000889,中嘉博创,False
000890,法尔胜,False
000892,欢瑞世纪,False
000893,亚钾国际,False
000895,双汇发展,False
000897,津滨发展,False
000898,鞍钢股份,False
000899,赣能股份,False
000900,现代投资,False
000901,航天科技,False
000902,新洋丰,False
000903,ST云动,True
000905,厦门港务,False
000906,浙商中拓,False
000908,石药景峰,False
000909,*ST数源,True
000910,大亚圣象,False
000911,*ST广糖,True
000912,泸天化,False
000913,钱江摩托,False
000915,华特达因,False
000917,电广传媒,False
000919,金陵药业,False
000920,沃顿科技,False
000921,海信家电,False
000922,佳电股份,False
000923,河钢资源,False
000925,众合科技,False
000926,福星股份,False
000927,中国铁物,False
000928,中钢国际,False
000929,兰州黄河,False
000930,中粮科技,False
000931,中 关 村,False
000932,华菱钢铁,False
000933,神火股份,False
000935,四川双马,False
000936,华西股份,False
000937,冀中能源,False
000938,紫光股份,False
000948,南天信息,False
000949,新乡化纤,False
000950,重药控股,False
000951,中国重汽,False
000952,广济药业,False
000953,中哲精化,False
000955,欣龙控股,False
000957,中通客车,False
000958,电投产融,False
000959,首钢股份,False
000960,锡业股份,False
000962,东方钽业,False
000963,华东医药,False
000965,天保基建,False
000966,长源电力,False
000967,盈峰环境,False
000968,蓝焰控股,False
000969,安泰科技,False
000970,中科三环,False
000972,中基健康,False
000973,佛塑科技,False
000975,山金国际,False
000977,浪潮信息,False
000978,桂林旅游,False
000980,众泰汽车,False
000981,山子高科,False
000983,山西焦煤,False
000985,大庆华科,False
000987,越秀资本,False
000988,华工科技,False
000989,九芝堂,False
000990,诚志股份,False
000993,闽东电力,False
000995,皇台酒业,False
000997,新 大 陆,False
000998,隆平高科,False
000999,华润三九,False
001201,东瑞股份,False
001202,炬申股份,False
001203,大中矿业,False
001205,盛航股份,False
001206,依依股份,False
001207,联科科技,False
001208,华菱线缆,False
001209,洪兴股份,False
001210,金房能源,False
001211,双枪科技,False
001212,中旗新材,False
001213,中铁特货,False
001215,千味央厨,False
001216,华瓷股份,False
001217,华尔泰,False
001218,丽臣实业,False
001219,青岛食品,False
001220,世盟股份,False
001221,悍高集团,False
001222,源飞宠物,False
001223,欧克科技,False
001225,和泰机电,False
001226,拓山重工,False
001227,兰州银行,False
001228,永泰运,False
001229,魅视科技,False
001230,劲旅环境,False
001231,农心科技,False
001232,嘉立创,False
001233,海安集团,False
001234,泰慕士,False
001236,弘业期货,False
001237,惠康科技,False
001238,浙江正特,False
001239,永达股份,False
001246,N力勤资源,False
001248,华润新能源,False
001255,博菲电气,False
001256,炜冈科技,False
001257,盛龙股份,False
001258,立新能源,False
001259,利仁科技,False
001260,坤泰股份,False
001266,宏英智能,False
001267,汇绿生态,False
001268,联合精密,False
001269,欧晶科技,False
001270,铖昌科技,False
001277,速达股份,False
001278,一彬科技,False
001279,强邦新材,False
001280,中国铀业,False
001282,三联锻造,False
001283,豪鹏科技,False
001285,瑞立科密,False
001286,陕西能源,False
001287,中电港,False
001288,运机集团,False
001289,龙源电力,False
001296,长江材料,False
001298,好上好,False
001299,美能能源,False
001300,三柏硕,False
001301,尚太科技,False
001306,夏厦精密,False
001308,康冠科技,False
001309,德明利,False
001311,多利科技,False
001312,福恩股份,False
001313,粤海饲料,False
001314,亿道信息,False
001316,润贝航科,False
001317,三羊马,False
001318,阳光乳业,False
001319,铭科精技,False
001322,箭牌家居,False
001323,慕思股份,False
001324,长青科技,False
001325,元创股份,False
001326,联域股份,False
001328,登康口腔,False
001330,博纳影业,False
001331,胜通能源,False
001332,锡装股份,False
001333,光华股份,False
001335,信凯科技,False
001336,楚环科技,False
001337,四川黄金,False
001338,永顺泰,False
001339,智微智能,False
001356,富岭股份,False
001358,兴欣新材,False
001359,平安电工,False
001360,南矿集团,False
001365,天海电子,False
001366,播恩集团,False
001367,海森药业,False
001368,通达创智,False
001369,双欣材料,False
001373,翔腾新材,False
001376,百通能源,False
001378,德冠新材,False
001379,腾达科技,False
001380,华纬科技,False
001382,新亚电缆,False
001386,马可波罗,False
001387,雪祺电气,False
001388,信通电子,False
001389,广合科技,False
001390,古麒绒材,False
001391,国货航,False
001393,维通利,False
001395,亚联机械,False
001396,誉帆科技,False
001399,惠科股份,False
001400,江顺科技,False
001696,宗申动力,False
001872,招商港口,False
001896,豫能控股,False
001914,招商积余,False
001965,招商公路,False
001979,招商蛇口,False
002001,新 和 成,False
002003,伟星股份,False
002004,华邦健康,False
002005,德豪润达,False
002006,精工科技,False
002007,华兰生物,False
002008,大族激光,False
002009,天奇股份,False
002010,传化智联,False
002011,盾安环境,False
002012,凯恩股份,False
002014,永新股份,False
002015,协鑫能科,False
002016,世荣兆业,False
002017,东信和平,False
002019,亿帆医药,False
002020,京新药业,False
002021,中捷资源,False
002022,科华生物,False
002023,海特高新,False
002024,ST易购,True
002025,航天电器,False
002026,山东威达,False
002027,分众传媒,False
002028,思源电气,False
002029,七 匹 狼,False
002030,达安基因,False
002031,巨轮智能,False
002032,苏 泊 尔,False
002033,丽江股份,False
002034,旺能环境,False
002035,华帝股份,False
002036,联创电子,False
002037,保利联合,False
002038,双鹭药业,False
002039,黔源电力,False
002040,南 京 港,False
002041,登海种业,False
002042,华孚时尚,False
002043,兔 宝 宝,False
002044,美年健康,False
002045,国光电器,False
002046,国机精工,False
002047,宝鹰股份,False
002048,宁波华翔,False
002049,紫光国微,False
002050,三花智控,False
002051,中工国际,False
002052,同洲电子,False
002053,云南能投,False
002054,德美化工,False
002055,ST得润,True
002056,横店东磁,False
002057,中钢天源,False
002058,紫竹高科,False
002059,云南旅游,False
002060,广东建工,False
002061,浙江交科,False
002062,宏润建设,False
002063,远光软件,False
002064,华峰化学,False
002065,东华软件,False
002066,瑞泰科技,False
002067,景兴纸业,False
002068,黑猫股份,False
002069,獐子岛,False
002072,凯瑞德,False
002073,软控股份,False
002074,国轩高科,False
002075,沙钢股份,False
002076,星光股份,False
002077,大港股份,False
002078,太阳纸业,False
002079,苏州固锝,False
002080,中材科技,False
002081,金 螳 螂,False
002082,ST万邦,True
002083,孚日股份,False
002084,海鸥住工,False
002085,万丰奥威,False
002086,东方海洋,False
002088,鲁阳节能,False
002090,金智科技,False
002091,江苏国泰,False
002092,中泰化学,False
002093,国脉科技,False
002094,青岛金王,False
002095,生 意 宝,False
002096,易普力,False
002097,山河智能,False
002098,浔兴股份,False
002099,海翔药业,False
002100,天康生物,False
002101,广东鸿图,False
002102,ST能特,True
002103,广博股份,False
002104,恒宝股份,False
002105,信隆健康,False
002106,莱宝高科,False
002107,沃华医药,False
002108,沧州明珠,False
002109,ST兴化,True
002110,三钢闽光,False
002111,威海广泰,False
002112,三变科技,False
002114,罗平锌电,False
002115,三维通信,False
002116,中国海诚,False
002117,东港股份,False
002119,康强电子,False
002120,韵达股份,False
002121,科陆电子,False
002122,ST汇洲,True
002123,梦网科技,False
002124,天邦食品,False
002125,湘潭电化,False
002126,银轮股份,False
002127,南极电商,False
002128,电投能源,False
002129,TCL中环,False
002130,沃尔核材,False
002131,利欧股份,False
002132,恒星科技,False
002133,广宇集团,False
002134,天津普林,False
002135,东南网架,False
002136,安 纳 达,False
002137,实益达,False
002138,顺络电子,False
002139,拓邦股份,False
002140,东华科技,False
002141,贤丰控股,False
002142,宁波银行,False
002144,宏达高科,False
002145,钛能化学,False
002146,荣盛发展,False
002148,北纬科技,False
002149,西部材料,False
002150,正泰电源,False
002151,北斗星通,False
002152,广电运通,False
002153,石基信息,False
002154,报 喜 鸟,False
002155,湖南黄金,False
002156,通富微电,False
002157,正邦科技,False
002158,汉钟精机,False
002159,三特索道,False
002160,常铝股份,False
002161,远 望 谷,False
002162,悦心健康,False
002163,海南发展,False
002164,宁波东力,False
002165,红 宝 丽,False
002166,莱茵生物,False
002167,东方锆业,False
002168,ST惠程,True
002169,智光电气,False
002170,芭田股份,False
002171,楚江新材,False
002172,澳洋健康,False
002173,创新医疗,False
002174,游族网络,False
002175,*ST东智,True
002176,江特电机,False
002177,御银股份,False
002178,延华智能,False
002179,中航光电,False
002180,奔图科技,False
002181,粤 传 媒,False
002182,宝武镁业,False
002183,怡 亚 通,False
002184,海得控制,False
002185,华天科技,False
002186,全 聚 德,False
002187,广百股份,False
002188,中天服务,False
002189,中光学,False
002190,成飞集成,False
002191,劲嘉股份,False
002192,融捷股份,False
002193,ST如意,True
002194,武汉凡谷,False
002195,岩山科技,False
002196,方正电机,False
002197,证通电子,False
002198,ST嘉应,True
002199,东晶电子,False
002200,交投生态,False
002201,九鼎新材,False
002202,金风科技,False
002203,海亮股份,False
002204,大连重工,False
002205,国统股份,False
002206,海 利 得,False
002207,*ST准油,True
002208,合肥城建,False
002209,达 意 隆,False
002210,飞马国际,False
002211,ST宏达,True
002212,天融信,False
002213,大为股份,False
002214,大立科技,False
002215,诺 普 信,False
002216,三全食品,False
002217,ST合力泰,True
002218,拓日新能,False
002219,新里程,False
002221,东华能源,False
002222,福晶科技,False
002223,鱼跃医疗,False
002224,三 力 士,False
002225,濮耐股份,False
002226,江南化工,False
002227,*ST特迅,True
002228,合兴包装,False
002229,鸿博股份,False
002230,科大讯飞,False
002232,启明信息,False
002233,塔牌集团,False
002234,民和股份,False
002235,安妮股份,False
002236,大华股份,False
002237,恒邦股份,False
002238,天威视讯,False
002239,奥特佳,False
002240,盛新锂能,False
002241,歌尔股份,False
002242,九阳股份,False
002243,力合科创,False
002244,滨江集团,False
002245,蔚蓝锂芯,False
002246,北化股份,False
002247,聚力文化,False
002248,华东数控,False
002249,大洋电机,False
002250,联化科技,False
002251,步步高,False
002252,上海莱士,False
002253,川大智胜,False
002254,泰和新材,False
002255,海陆重工,False
002256,兆新股份,False
002258,利尔化学,False
002259,升达林业,False
002261,拓维信息,False
002262,恩华药业,False
002263,大东南,False
002264,新 华 都,False
002265,建设工业,False
002266,浙富控股,False
002267,陕天然气,False
002268,电科网安,False
002269,美邦服饰,False
002270,华明装备,False
002271,东方雨虹,False
002272,川润股份,False
002273,水晶光电,False
002274,华昌化工,False
002275,桂林三金,False
002276,万马股份,False
002277,友阿股份,False
002278,神开股份,False
002279,久其软件,False
002281,光迅科技,False
002282,博深股份,False
002283,天润工业,False
002284,亚太股份,False
002285,世联行,False
002286,保龄宝,False
002287,奇正藏药,False
002289,宇顺电子,False
002290,禾盛新材,False
002291,遥望科技,False
002292,奥飞娱乐,False
002293,罗莱生活,False
002294,信立泰,False
002295,精艺股份,False
002296,辉煌科技,False
002297,博云新材,False
002298,中电鑫龙,False
002299,圣农发展,False
002300,太阳电缆,False
002301,齐心集团,False
002302,西部建设,False
002303,美盈森,False
002304,洋河股份,False
002305,*ST南置,True
002306,ST云网,True
002307,北新路桥,False
002309,中利集团,False
002310,东方新能,False
002311,海大集团,False
002312,川发龙蟒,False
002313,日海智能,False
002314,南山控股,False
002315,焦点科技,False
002316,亚联发展,False
002317,众生药业,False
002318,久立特材,False
002319,乐通股份,False
002320,海峡股份,False
002321,华英农业,False
002322,理工能科,False
002323,*ST雅博,True
002324,普利特,False
002326,永太科技,False
002327,富安娜,False
002328,新朋股份,False
002329,皇氏集团,False
002330,得利斯,False
002331,皖通科技,False
002332,仙琚制药,False
002333,罗普斯金,False
002334,英威腾,False
002335,科华数据,False
002337,赛象科技,False
002338,奥普光电,False
002339,积成电子,False
002340,格林美,False
002342,巨力索具,False
002343,慈文传媒,False
002344,海宁皮城,False
002345,潮宏基,False
002346,柘中股份,False
002347,泰尔股份,False
002348,高乐股份,False
002349,精华制药,False
002350,北京科锐,False
002351,漫步者,False
002352,顺丰控股,False
002353,杰瑞股份,False
002354,天娱数科,False
002355,兴民智通,False
002356,鹏飞绿能,False
002357,富临运业,False
002358,森源电气,False
002360,ST同德,True
002361,神剑股份,False
002362,汉王科技,False
002363,隆基机械,False
002364,中恒电气,False
002365,永安药业,False
002366,融发核电,False
002367,康力电梯,False
002368,太极股份,False
002369,卓翼科技,False
002370,亚太药业,False
002371,北方华创,False
002372,伟星新材,False
002373,千方科技,False
002374,中锐股份,False
002375,亚厦股份,False
002376,新北洋,False
002377,国创高新,False
002378,章源钨业,False
002379,宏桥控股,False
002380,科远智慧,False
002381,双箭股份,False
002382,蓝帆医疗,False
002383,合众思壮,False
002384,东山精密,False
002385,大北农,False
002386,天原股份,False
002387,维信诺,False
002388,新亚制程,False
002389,航天彩虹,False
002390,信邦制药,False
002391,长青股份,False
002392,北京利尔,False
002393,力生制药,False
002394,联发股份,False
002395,双象股份,False
002396,星网锐捷,False
002397,梦洁股份,False
002398,垒知集团,False
002399,海普瑞,False
002400,省广集团,False
002401,中远海科,False
002402,和而泰,False
002403,爱仕达,False
002404,嘉欣丝绸,False
002405,四维图新,False
002406,远东传动,False
002407,多氟多,False
002408,齐翔腾达,False
002409,雅克科技,False
002410,广联达,False
002412,汉森制药,False
002413,雷科防务,False
002414,高德红外,False
002415,海康威视,False
002416,爱施德,False
002418,康盛股份,False
002419,天虹股份,False
002420,毅昌科技,False
002421,达实智能,False
002422,科伦药业,False
002423,中粮资本,False
002424,ST百灵,True
002425,凯撒文化,False
002426,胜利精密,False
002427,尤夫股份,False
002428,云南锗业,False
002429,兆驰股份,False
002430,杭氧股份,False
002431,ST棕榈,True
002432,九安医疗,False
002434,万里扬,False
002436,兴森科技,False
002437,誉衡药业,False
002438,江苏神通,False
002439,启明星辰,False
002440,闰土股份,False
002441,众业达,False
002442,龙星科技,False
002443,金洲管道,False
002444,巨星科技,False
002445,中南文化,False
002446,盛路通信,False
002448,中原内配,False
002449,国星光电,False
002451,摩恩电气,False
002452,长高电气,False
002453,华软科技,False
002454,松芝股份,False
002455,百川股份,False
002456,欧菲光,False
002457,青龙管业,False
002458,益生股份,False
002459,晶澳科技,False
002460,赣锋锂业,False
002461,珠江啤酒,False
002462,嘉事堂,False
002463,沪电股份,False
002465,海格通信,False
002466,天齐锂业,False
002467,二六三,False
002468,申通快递,False
002469,三维化学,False
002470,金正大,False
002471,中超控股,False
002472,双环传动,False
002474,榕基软件,False
002475,立讯精密,False
002476,新叶股份,False
002478,常宝股份,False
002479,富春环保,False
002480,新筑股份,False
002481,双塔食品,False
002482,广田集团,False
002483,润邦股份,False
002484,江海股份,False
002485,ST雪发,True
002486,嘉麟杰,False
002487,大金重工,False
002488,金固股份,False
002489,浙江永强,False
002490,山东墨龙,False
002491,通鼎互联,False
002492,恒基达鑫,False
002493,荣盛石化,False
002494,华斯股份,False
002495,佳隆股份,False
002496,辉丰股份,False
002497,雅化集团,False
002498,汉缆股份,False
002500,山西证券,False
002501,*ST利源,True
002506,协鑫集成,False
002507,涪陵榨菜,False
002508,老板电器,False
002510,天汽模,False
002511,中顺洁柔,False
002512,ST达华,True
002513,蓝丰生化,False
002514,*ST宝馨,True
002515,金字火腿,False
002516,旷达科技,False
002517,恺英网络,False
002518,科士达,False
002519,银河电子,False
002520,日发精机,False
002521,齐峰新材,False
002522,浙江众成,False
002523,天桥起重,False
002524,光正眼科,False
002526,山东矿机,False
002527,新时达,False
002528,*ST英飞,True
002529,海源复材,False
002530,金财互联,False
002531,天顺风能,False
002532,天山铝业,False
002533,金杯电工,False
002534,西子洁能,False
002535,林州重机,False
002536,飞龙股份,False
002537,海联金汇,False
002538,ST司特,True
002539,云图控股,False
002540,亚太科技,False
002541,鸿路钢构,False
002542,*ST中岩,True
002543,万和电气,False
002544,普天科技,False
002545,东方铁塔,False
002546,新联电子,False
002547,*ST春兴,True
002548,金新农,False
002549,凯美特气,False
002550,千红制药,False
002551,尚荣医疗,False
002552,宝鼎科技,False
002553,南方精工,False
002554,惠博普,False
002555,三七互娱,False
002556,辉隆股份,False
002557,洽洽食品,False
002558,巨人网络,False
002559,亚威股份,False
002560,通达股份,False
002561,徐家汇,False
002562,兄弟科技,False
002563,森马服饰,False
002564,天沃科技,False
002565,顺灏股份,False
002566,益盛药业,False
002567,唐人神,False
002568,百润股份,False
002569,*ST步森,True
002570,贝因美,False
002571,德力股份,False
002572,索菲亚,False
002573,清新环境,False
002574,明牌珠宝,False
002575,群兴玩具,False
002576,通达动力,False
002577,雷柏科技,False
002578,闽发铝业,False
002579,中京电子,False
002580,圣阳股份,False
002581,*ST未名,True
002582,好想你,False
002583,海能达,False
002584,西陇科学,False
002585,双星新材,False
002586,围海股份,False
002587,奥拓电子,False
002588,史丹利,False
002589,瑞康医药,False
002590,万安科技,False
002591,恒大高新,False
002592,ST八菱,True
002593,日上集团,False
002594,比亚迪,False
002595,豪迈科技,False
002596,海南瑞泽,False
002597,金禾实业,False
002598,ST章鼓,True
002599,盛通股份,False
002600,领益智造,False
002601,龙佰集团,False
002602,世纪华通,False
002603,以岭药业,False
002605,姚记科技,False
002606,大连电瓷,False
002607,中公教育,False
002608,江苏国信,False
002609,捷顺科技,False
002611,东方精工,False
002612,朗姿股份,False
002613,北玻股份,False
002614,奥佳华,False
002615,哈尔斯,False
002616,长青集团,False
002617,露笑科技,False
002620,*ST瑞和,True
002622,皓宸医疗,False
002623,亚玛顿,False
002624,完美世界,False
002625,光启技术,False
002626,金达威,False
002627,三峡旅游,False
002628,成都路桥,False
002629,仁智股份,False
002630,*ST华西,True
002631,德尔未来,False
002632,道明光学,False
002633,申科股份,False
002634,*ST棒杰,True
002635,安洁科技,False
002636,金安国纪,False
002637,赞宇科技,False
002638,勤上股份,False
002639,雪人集团,False
002640,跨境通,False
002641,公元股份,False
002642,荣联科技,False
002643,万润股份,False
002644,佛慈制药,False
002645,华宏科技,False
002646,天佑德酒,False
002647,仁东控股,False
002648,卫星化学,False
002649,博彦科技,False
002650,ST加加,True
002651,利君股份,False
002652,扬子新材,False
002653,海思科,False
002654,万润科技,False
002655,共达电声,False
002656,摩登大道,False
002657,中科金财,False
002658,雪迪龙,False
002659,凯文教育,False
002660,茂硕电源,False
002661,克明食品,False
002662,峰璟股份,False
002663,普邦股份,False
002664,信质集团,False
002666,德联集团,False
002667,*ST威领,True
002668,TCL智家,False
002669,康达新材,False
002670,国盛证券,False
002671,龙泉股份,False
002672,东江环保,False
002673,西部证券,False
002674,兴业科技,False
002675,东诚药业,False
002676,顺威股份,False
002677,浙江美大,False
002678,珠江钢琴,False
002679,福建金森,False
002681,奋达科技,False
002682,龙洲股份,False
002683,广东宏大,False
002685,华东重机,False
002686,亿利达,False
002687,乔治白,False
002688,金河生物,False
002689,ST远智,True
002690,美亚光电,False
002691,*ST冀凯,True
002692,远程股份,False
002693,双成药业,False
002694,*ST顾地,True
002695,煌上煌,False
002696,百洋股份,False
002697,红旗连锁,False
002698,博实股份,False
002700,万憬能源,False
002701,奥瑞金,False
002702,海欣食品,False
002703,浙江世宝,False
002705,新宝股份,False
002706,良信股份,False
002707,众信旅游,False
002708,光洋股份,False
002709,天赐材料,False
002712,思美传媒,False
002713,东易日盛,False
002714,牧原股份,False
002715,登云股份,False
002716,湖南白银,False
002717,*ST岭南,True
002718,友邦吊顶,False
002719,ST麦趣,True
002721,金一文化,False
002722,物产金轮,False
002723,小崧股份,False
002724,海洋王,False
002725,跃岭股份,False
002726,ST龙大,True
002727,一心堂,False
002728,特一药业,False
002729,好利科技,False
002730,电光科技,False
002731,*ST萃华,True
002732,燕塘乳业,False
002733,雄韬股份,False
002734,利民股份,False
002735,王子新材,False
002736,国信证券,False
002737,葵花药业,False
002738,中矿资源,False
002739,儒意电影,False
002741,光华科技,False
002742,冀衡医药,False
002743,ST富煌,True
002745,木林森,False
002746,仙坛股份,False
002747,埃斯顿,False
002748,世龙实业,False
002749,国光股份,False
002752,昇兴股份,False
002753,永东股份,False
002755,奥赛康,False
002756,永兴材料,False
002757,南兴股份,False
002758,浙农股份,False
002759,ST天际,True
002760,凤形股份,False
002761,浙江建投,False
002762,金发拉比,False
002763,汇洁股份,False
002765,蓝黛科技,False
002766,索菱股份,False
002767,先锋电子,False
002768,国恩股份,False
002769,普路通,False
002771,真视通,False
002772,众兴菌业,False
002773,康弘药业,False
002774,快意电梯,False
002775,文科股份,False
002777,久远银海,False
002778,中晟高科,False
002779,中坚科技,False
002780,三夫户外,False
002782,可立克,False
002783,凯龙股份,False
002785,万里石,False
002786,银宝山新,False
002787,华源控股,False
002788,鹭燕医药,False
002789,*ST建艺,True
002790,瑞尔特,False
002791,坚朗五金,False
002792,通宇通讯,False
002793,罗欣药业,False
002795,永和智控,False
002796,世嘉科技,False
002797,第一创业,False
002798,帝欧水华,False
002799,环球印务,False
002800,天顺股份,False
002801,微光股份,False
002802,洪汇新材,False
002803,吉宏股份,False
002805,丰元股份,False
002806,华锋股份,False
002807,江阴银行,False
002809,红墙股份,False
002810,山东赫达,False
002811,郑中设计,False
002812,恩捷股份,False
002813,路畅科技,False
002815,崇达技术,False
002816,*ST和科,True
002817,黄山胶囊,False
002818,富森美,False
002819,东方中科,False
002820,桂发祥,False
002821,凯莱英,False
002822,ST中装,True
002823,凯中精密,False
002824,和胜股份,False
002825,纳尔股份,False
002826,易明医药,False
002827,高争民爆,False
002828,贝肯能源,False
002829,星网宇达,False
002830,名雕股份,False
002831,裕同科技,False
002832,比音勒芬,False
002833,弘亚数控,False
002835,同为股份,False
002836,新宏泽,False
002837,英维克,False
002838,道恩股份,False
002839,张家港行,False
002840,华统股份,False
002841,视源股份,False
002842,翔鹭钨业,False
002843,泰嘉股份,False
002845,同兴达,False
002846,英联股份,False
002847,盐津铺子,False
002848,高斯贝尔,False
002849,威星智能,False
002850,科达利,False
002851,麦格米特,False
002852,道道全,False
002853,皮阿诺,False
002855,捷荣技术,False
002856,*ST美芝,True
002857,三晖电气,False
002858,力盛体育,False
002859,洁美科技,False
002860,星帅尔,False
002861,瀛通通讯,False
002862,实丰文化,False
002863,今飞凯达,False
002864,盘龙药业,False
002865,钧达股份,False
002866,传艺科技,False
002867,周大生,False
002868,绿康生化,False
002869,金溢科技,False
002870,香山股份,False
002871,伟隆股份,False
002872,ST天圣,True
002873,新天药业,False
002875,安奈儿,False
002876,三利谱,False
002877,智能自控,False
002878,元隆雅图,False
002879,长缆科技,False
002880,卫光生物,False
002881,美格智能,False
002882,金龙羽,False
002883,*ST中设,True
002884,凌霄泵业,False
002885,京泉华,False
002886,沃特股份,False
002887,绿茵生态,False
002888,惠威科技,False
002889,东方嘉盛,False
002890,弘宇股份,False
002891,中宠股份,False
002892,科力尔,False
002893,京能热力,False
002895,川恒股份,False
002896,中大力德,False
002897,意华股份,False
002899,英派斯,False
002900,哈三联,False
002901,大博医疗,False
002902,铭普光磁,False
002903,宇环数控,False
002905,金逸影视,False
002906,华阳集团,False
002907,华森制药,False
002908,德生科技,False
002909,集泰股份,False
002910,庄园牧场,False
002911,佛燃能源,False
002912,中新赛克,False
002913,奥士康,False
002915,中欣氟材,False
002916,深南电路,False
002917,金奥博,False
002918,蒙娜丽莎,False
002919,名臣健康,False
002920,德赛西威,False
002921,联诚精密,False
002922,伊戈尔,False
002923,润都股份,False
002925,盈趣科技,False
002926,华西证券,False
002927,泰永长征,False
002928,华夏航空,False
002929,润建股份,False
002930,宏川智慧,False
002931,锋龙股份,False
002932,*ST明德,True
002933,新兴装备,False
002935,天奥电子,False
002936,郑州银行,False
002937,兴瑞科技,False
002938,鹏鼎控股,False
002939,长城证券,False
002940,昂利康,False
002941,新疆交建,False
002942,新农股份,False
002943,宇晶股份,False
002945,华林证券,False
002946,新乳业,False
002947,恒铭达,False
002948,青岛银行,False
002949,华阳国际,False
002950,奥美医疗,False
002951,金时科技,False
002952,亚世光电,False
002953,日丰股份,False
002955,鸿合科技,False
002956,西麦食品,False
002957,科瑞技术,False
002958,青农商行,False
002959,小熊电器,False
002960,青鸟智控,False
002961,瑞达期货,False
002962,五方光电,False
002963,豪尔赛,False
002965,祥鑫科技,False
002966,苏州银行,False
002967,广电计量,False
002968,新大正,False
002969,嘉美包装,False
002970,锐明技术,False
002971,和远气体,False
002972,科安达,False
002973,侨银股份,False
002975,博杰股份,False
002976,瑞玛精密,False
002977,*ST天箭,True
002978,安宁股份,False
002979,雷赛智能,False
002980,华盛昌,False
002981,朝阳科技,False
002982,湘佳股份,False
002983,芯瑞达,False
002984,森麒麟,False
002985,北摩高科,False
002986,宇新股份,False
002987,京北方,False
002988,豪美新材,False
002989,中天精装,False
002990,盛视科技,False
002991,甘源食品,False
002992,宝明科技,False
002993,奥海科技,False
002995,天地在线,False
002996,顺博合金,False
002997,瑞鹄模具,False
002998,优彩资源,False
002999,天禾股份,False
003000,劲仔食品,False
003001,中岩大地,False
003002,壶化股份,False
003003,天元股份,False
003004,声迅股份,False
003005,竞业达,False
003006,百亚股份,False
003007,直真科技,False
003008,开普检测,False
003009,中天火箭,False
003010,若羽臣,False
003011,海象新材,False
003012,东鹏控股,False
003013,地铁设计,False
003015,日久光电,False
003016,欣贺股份,False
003017,大洋生物,False
003018,金富科技,False
003019,宸展光电,False
003020,立方制药,False
003021,兆威机电,False
003022,联泓新科,False
003023,彩虹集团,False
003025,思进智能,False
003026,中晶科技,False
003027,同兴科技,False
003028,振邦智能,False
003029,吉大正元,False
003030,祖名股份,False
003031,中瓷电子,False
003032,传智教育,False
003033,征和工业,False
003035,南网能源,False
003036,泰坦股份,False
003037,三和管桩,False
003038,鑫铂股份,False
003039,顺控发展,False
003040,楚天龙,False
003041,真爱美家,False
003042,中农联合,False
003043,华亚智能,False
003816,中国广核,False
300001,特锐德,False
300002,神州泰岳,False
300003,乐普医疗,False
300004,南风股份,False
300005,探路者,False
300006,莱美药业,False
300007,汉威科技,False
300008,天海防务,False
300009,安科生物,False
300010,ST豆神,True
300011,鼎汉技术,False
300012,华测检测,False
300013,新宁物流,False
300014,亿纬锂能,False
300015,爱尔眼科,False
300016,北陆药业,False
300017,网宿科技,False
300018,中元股份,False
300019,硅宝科技,False
300020,ST银江,True
300021,大禹节水,False
300022,吉峰科技,False
300024,机器人,False
300025,华星创业,False
300026,红日药业,False
300027,ST华谊,True
300030,阳普医疗,False
300031,宝通科技,False
300032,金龙机电,False
300033,同花顺,False
300034,钢研高纳,False
300035,中科电气,False
300036,超图软件,False
300037,新宙邦,False
300039,上海凯宝,False
300040,九洲集团,False
300041,回天新材,False
300042,朗科科技,False
300043,星辉娱乐,False
300044,*ST赛为,True
300045,华力创通,False
300046,台基股份,False
300047,天源迪科,False
300048,合康新能,False
300049,福瑞医科,False
300050,世纪鼎利,False
300051,琏升科技,False
300052,中青宝,False
300053,航宇微,False
300054,鼎龙股份,False
300055,万邦达,False
300056,中创环保,False
300057,万顺新材,False
300058,蓝色光标,False
300059,东方财富,False
300061,旗天科技,False
300062,中能电气,False
300063,天龙集团,False
300065,海兰信,False
300066,三川智慧,False
300067,安诺其,False
300068,ST南都,True
300069,金利华电,False
300070,碧水源,False
300071,福石控股,False
300072,海新能科,False
300073,当升科技,False
300074,华平股份,False
300075,数字政通,False
300076,*ST宁视,True
300077,国民技术,False
300078,思创智联,False
300079,数码视讯,False
300080,易成新能,False
300081,ST恒信,True
300082,奥克股份,False
300083,创世纪,False
300084,海默科技,False
300085,银之杰,False
300086,康芝药业,False
300087,ST荃银,True
300088,长信科技,False
300091,*ST金灵,True
300092,科新机电,False
300093,金刚光伏,False
300094,国联水产,False
300095,华伍股份,False
300096,易联众,False
300097,智云股份,False
300098,高新兴,False
300099,尤洛卡,False
300100,双林股份,False
300101,振芯科技,False
300102,乾照光电,False
300103,达刚控股,False
300105,龙源技术,False
300106,西部牧业,False
300107,建新股份,False
300109,新开源,False
300110,华仁药业,False
300111,向日葵,False
300112,万讯自控,False
300113,顺网科技,False
300115,长盈精密,False
300118,东方日升,False
300119,瑞普生物,False
300120,经纬辉开,False
300121,阳谷华泰,False
300122,智飞生物,False
300123,ST亚光,True
300124,汇川技术,False
300125,聆达股份,False
300126,锐奇股份,False
300127,银河磁体,False
300128,锦富技术,False
300129,泰胜风能,False
300130,新国都,False
300131,英唐智控,False
300132,诺斯贝尔,False
300133,华策影视,False
300134,大富科技,False
300135,宝利国际,False
300136,信维通信,False
300137,先河环保,False
300138,晨光生物,False
300139,晓程科技,False
300140,节能环境,False
300141,和顺电气,False
300142,沃森生物,False
300143,盈康生命,False
300144,宋城演艺,False
300145,南方泵业,False
300146,汤臣倍健,False
300147,*ST香雪,True
300148,天舟文化,False
300149,睿智医药,False
300150,世纪瑞尔,False
300151,昌红科技,False
300152,*ST动力,True
300153,科泰电源,False
300154,瑞凌股份,False
300155,安居宝,False
300157,新锦动力,False
300158,振东制药,False
300159,新研股份,False
300160,秀强股份,False
300161,华中数控,False
300162,雷曼光电,False
300163,先锋新材,False
300164,通源石油,False
300165,天瑞仪器,False
300166,东方国信,False
300167,ST迪威迅,True
300168,万达信息,False
300169,天晟新材,False
300170,汉得信息,False
300171,东富龙,False
300172,中电环保,False
300173,ST福能,True
300174,元力股份,False
300175,朗源股份,False
300176,鸿特科技,False
300177,中海达,False
300179,四方达,False
300180,华峰超纤,False
300181,佐力药业,False
300182,捷成股份,False
300183,东软载波,False
300184,力源信息,False
300185,通裕重工,False
300187,永清环保,False
300188,国投智能,False
300189,神农种业,False
300190,维尔利,False
300191,潜能恒信,False
300192,科德教育,False
300193,佳士科技,False
300194,福安药业,False
300195,长荣股份,False
300196,长海股份,False
300197,节能铁汉,False
300198,*ST纳川,True
300199,翰宇药业,False
300200,高盟新材,False
300201,海伦哲,False
300203,聚光科技,False
300204,舒泰神,False
300205,*ST天喻,True
300206,理邦仪器,False
300207,欣旺达,False
300209,行云科技,False
300210,森远股份,False
300211,亿通科技,False
300212,*ST易录,True
300213,佳讯飞鸿,False
300214,日科化学,False
300215,电科院,False
300217,东方电热,False
300218,安利股份,False
300219,鸿利智汇,False
300220,金运激光,False
300221,银禧科技,False
300222,科大智能,False
300223,君正股份,False
300224,正海磁材,False
300225,金力泰,False
300226,上海钢联,False
300227,光韵达,False
300228,富瑞特装,False
300229,拓尔思,False
300230,永利股份,False
300231,银信科技,False
300232,洲明科技,False
300233,金城医药,False
300234,开尔新材,False
300235,方直科技,False
300236,上海新阳,False
300237,ST美晨,True
300238,冠昊生物,False
300239,东宝生物,False
300240,飞力达,False
300241,瑞丰光电,False
300242,佳云科技,False
300243,瑞丰高材,False
300244,迪安诊断,False
300245,ST天玑,True
300246,宝莱特,False
300247,融捷健康,False
300248,新开普,False
300249,依米康,False
300250,初灵信息,False
300251,光线传媒,False
300252,金信诺,False
300253,卫宁健康,False
300254,仟源医药,False
300255,常山药业,False
300256,星星科技,False
300257,开山股份,False
300258,精锻科技,False
300259,新天科技,False
300260,新莱应材,False
300261,雅本化学,False
300263,隆华科技,False
300264,佳创视讯,False
300265,通光线缆,False
300266,兴源环境,False
300267,尔康制药,False
300268,佳沃食品,False
300269,联建光电,False
300270,中威电子,False
300271,华宇软件,False
300272,开能健康,False
300274,阳光电源,False
300275,梅安森,False
300276,三丰智能,False
300277,汽轮科技,False
300278,华昌达,False
300279,和晶科技,False
300281,金明精机,False
300283,温州宏丰,False
300284,苏交科,False
300285,国瓷材料,False
300286,安科瑞,False
300287,飞利信,False
300288,朗玛信息,False
300289,利德曼,False
300290,ST荣科,True
300291,百纳千成,False
300292,吴通控股,False
300293,蓝英装备,False
300294,博雅生物,False
300295,*ST三六五,True
300296,利亚德,False
300298,三诺生物,False
300299,富春股份,False
300300,海峡创新,False
300301,ST长方,True
300302,同有科技,False
300303,聚飞光电,False
300304,云意电气,False
300305,裕兴股份,False
300306,远方信息,False
300307,慈星股份,False
300308,中际旭创,False
300310,宜通世纪,False
300311,任子行,False
300313,天山生物,False
300314,戴维医疗,False
300315,掌趣科技,False
300316,晶盛机电,False
300317,珈伟新能,False
300318,博晖创新,False
300319,麦捷科技,False
300320,海达股份,False
300321,同大股份,False
300322,硕贝德,False
300323,华灿光电,False
300324,旋极信息,False
300326,ST凯利,True
300327,中颖电子,False
300328,宜安科技,False
300329,海伦钢琴,False
300331,苏大维格,False
300332,天壕能源,False
300333,兆日科技,False
300334,津膜科技,False
300335,迪森股份,False
300337,银邦股份,False
300338,*ST开元,True
300339,润和软件,False
300340,科恒股份,False
300341,麦克奥迪,False
300342,天银机电,False
300343,联创股份,False
300345,华民股份,False
300346,南大光电,False
300347,泰格医药,False
300348,长亮科技,False
300349,金卡智能,False
300350,华鹏飞,False
300351,永贵电器,False
300352,ST信源,True
300353,东土科技,False
300354,东华测试,False
300355,蒙草生态,False
300357,我武生物,False
300358,楚天科技,False
300359,全通教育,False
300360,炬华科技,False
300363,博腾股份,False
300364,中文在线,False
300365,恒华科技,False
300366,ST创意,True
300368,汇金股份,False
300369,绿盟科技,False
300370,安控科技,False
300371,汇中股份,False
300373,扬杰科技,False
300374,中铁装配,False
300375,鹏翎股份,False
300376,易事特,False
300377,赢时胜,False
300378,鼎捷数智,False
300380,安硕信息,False
300381,溢多利,False
300382,斯莱克,False
300383,光环新网,False
300384,三联虹普,False
300385,ST雪浪,True
300386,飞天诚信,False
300387,富邦科技,False
300388,节能国祯,False
300389,艾比森,False
300390,天华新能,False
300393,中来股份,False
300394,天孚通信,False
300395,菲利华,False
300396,ST迪瑞,True
300397,天和防务,False
300398,飞凯材料,False
300399,天利科技,False
300400,劲拓股份,False
300401,花园生物,False
300402,宝色股份,False
300403,汉宇集团,False
300404,博济医药,False
300405,科隆股份,False
300406,九强生物,False
300407,凯发电气,False
300408,三环集团,False
300409,道氏技术,False
300410,正业科技,False
300411,金盾股份,False
300412,迦南科技,False
300413,芒果超媒,False
300414,中光防雷,False
300415,伊之密,False
300416,苏试试验,False
300417,南华仪器,False
300418,昆仑万维,False
300419,ST浩丰,True
300420,五洋自控,False
300421,力星股份,False
300422,博世科,False
300423,昇辉科技,False
300424,航新科技,False
300425,中建环能,False
300426,华智数媒,False
300427,红相股份,False
300428,立中集团,False
300429,强力新材,False
300430,*ST益通,True
300432,富临精工,False
300433,蓝思科技,False
300434,金石亚药,False
300435,中泰股份,False
300436,广生堂,False
300437,清水源,False
300438,鹏辉能源,False
300439,美康生物,False
300440,运达科技,False
300441,鲍斯股份,False
300442,润泽科技,False
300443,金雷股份,False
300444,双杰电气,False
300445,康斯特,False
300446,航天智造,False
300447,全信股份,False
300448,浩云科技,False
300449,汉邦高科,False
300450,先导智能,False
300451,创业慧康,False
300452,山河药辅,False
300453,三鑫医疗,False
300454,深信服,False
300455,航天智装,False
300456,赛微电子,False
300457,赢合科技,False
300458,全志科技,False
300459,汤姆猫,False
300460,ST惠伦,True
300461,田中精机,False
300462,ST华铭,True
300463,迈克生物,False
300464,星徽股份,False
300465,高伟达,False
300466,赛摩智能,False
300467,迅游科技,False
300468,四方精创,False
300469,信息发展,False
300470,中密控股,False
300471,厚普股份,False
300472,ST新元,True
300473,德尔股份,False
300474,景嘉微,False
300475,香农芯创,False
300476,胜宏科技,False
300477,ST合纵,True
300478,杭州高新,False
300479,神思电子,False
300480,光力科技,False
300481,濮阳惠成,False
300482,万孚生物,False
300483,首华燃气,False
300484,蓝海华腾,False
300485,赛升药业,False
300486,东杰智能,False
300487,蓝晓科技,False
300488,恒锋工具,False
300489,光智科技,False
300490,华自科技,False
300491,通合科技,False
300492,华图山鼎,False
300493,润欣科技,False
300494,盛天网络,False
300496,中科创达,False
300497,富祥股份,False
300498,温氏股份,False
300499,高澜股份,False
300500,启迪设计,False
300501,海顺新材,False
300502,新易盛,False
300503,昊志机电,False
300504,天邑股份,False
300505,川金诺,False
300506,名家汇,False
300507,苏奥传感,False
300508,维宏股份,False
300509,新美星,False
300510,金冠股份,False
300511,雪榕生物,False
300512,中亚股份,False
300513,恒实科技,False
300514,友讯达,False
300515,三德科技,False
300516,久之洋,False
300517,海波重科,False
300518,新迅达,False
300519,新光药业,False
300520,科大国创,False
300521,爱司凯,False
300522,世名科技,False
300523,辰安科技,False
300525,博思软件,False
300527,中船应急,False
300528,幸福蓝海,False
300529,健帆生物,False
300530,领湃科技,False
300531,优博讯,False
300532,今天国际,False
300533,冰川网络,False
300534,陇神戎发,False
300535,达威股份,False
300536,农尚环境,False
300537,广信材料,False
300538,同益股份,False
300539,横河精密,False
300540,蜀道装备,False
300541,先进数通,False
300542,新晨科技,False
300543,朗科智能,False
300545,联得装备,False
300546,雄帝科技,False
300547,川环科技,False
300548,长芯博创,False
300549,优德精密,False
300550,和仁科技,False
300551,古鳌科技,False
300552,万集科技,False
300553,集智股份,False
300554,三超新材,False
300555,ST路通,True
300556,丝路视觉,False
300557,理工光科,False
300558,贝达药业,False
300559,佳发教育,False
300560,中富通,False
300561,汇金科技,False
300562,乐心股份,False
300563,神宇股份,False
300564,筑博设计,False
300565,科信技术,False
300566,激智科技,False
300567,精测电子,False
300568,星源材质,False
300569,天能重工,False
300570,太辰光,False
300571,平治信息,False
300572,安车检测,False
300573,兴齐眼药,False
300575,中旗股份,False
300576,容大感光,False
300577,开润股份,False
300578,会畅科技,False
300579,数字认证,False
300580,贝斯特,False
300581,晨曦航空,False
300582,英飞特,False
300583,赛托生物,False
300584,海辰药业,False
300585,奥联电子,False
300586,美联新材,False
300587,天铁科技,False
300588,熙菱信息,False
300589,江龙船艇,False
300590,移为通信,False
300591,万里马,False
300592,华凯易佰,False
300593,新雷能,False
300594,ST朗进,True
300595,欧普康视,False
300596,利安隆,False
300597,吉大通信,False
300598,诚迈科技,False
300599,雄塑科技,False
300600,国瑞科技,False
300601,康泰生物,False
300602,飞荣达,False
300603,立昂技术,False
300604,长川科技,False
300605,恒锋信息,False
300606,金太阳,False
300607,拓斯达,False
300608,思特奇,False
300609,汇纳科技,False
300610,晨化股份,False
300611,美力科技,False
300612,宣亚国际,False
300613,富瀚微,False
300614,百川畅银,False
300615,欣天科技,False
300616,尚品宅配,False
300617,安靠智电,False
300618,寒锐钴业,False
300619,金银河,False
300620,光库科技,False
300621,维业股份,False
300622,博士眼镜,False
300623,捷捷微电,False
300624,万兴科技,False
300625,三雄极光,False
300626,华瑞股份,False
300627,华测导航,False
300628,亿联网络,False
300629,新劲刚,False
300631,久吾高科,False
300632,光莆股份,False
300633,开立医疗,False
300634,彩讯股份,False
300635,中达安,False
300636,同和药业,False
300637,扬帆新材,False
300638,广和通,False
300639,凯普生物,False
300640,德艺文创,False
300641,正丹股份,False
300642,透景生命,False
300643,万通智控,False
300644,南京聚隆,False
300645,正元智慧,False
300647,超频三,False
300648,星云股份,False
300649,杭州园林,False
300650,太龙股份,False
300651,金陵体育,False
300652,雷迪克,False
300653,正海生物,False
300654,世纪天鸿,False
300655,晶瑞电材,False
300656,民德电子,False
300657,弘信电子,False
300658,延江股份,False
300659,中孚信息,False
300660,江苏雷利,False
300661,圣邦股份,False
300662,科锐国际,False
300663,科蓝软件,False
300664,鹏鹞环保,False
300665,飞鹿股份,False
300666,江丰电子,False
300667,必创科技,False
300668,杰恩股份,False
300669,沪宁股份,False
300670,大烨智能,False
300671,富满微,False
300672,国科微,False
300673,佩蒂股份,False
300674,宇信科技,False
300675,建科院,False
300676,华大基因,False
300677,英科医疗,False
300678,中科信息,False
300679,电连技术,False
300680,隆盛科技,False
300681,英搏尔,False
300682,朗新科技,False
300683,海特生物,False
300684,中石科技,False
300685,艾德生物,False
300686,智动力,False
300687,赛意信息,False
300688,创业黑马,False
300689,澄天伟业,False
300690,双一科技,False
300691,联合光电,False
300692,中赋科技,False
300693,盛弘股份,False
300694,蠡湖股份,False
300695,兆丰股份,False
300696,爱乐达,False
300697,电工合金,False
300698,万马科技,False
300699,光威复材,False
300700,岱勒新材,False
300701,森霸传感,False
300702,天宇股份,False
300703,创源股份,False
300705,九典制药,False
300706,阿石创,False
300707,威唐工业,False
300708,聚灿光电,False
300709,精研科技,False
300710,万隆光电,False
300711,广哈通信,False
300712,永福股份,False
300713,英可瑞,False
300715,凯伦股份,False
300716,*ST泉为,True
300717,华信新材,False
300718,长盛轴承,False
300719,安达维尔,False
300720,海川智能,False
300721,怡达股份,False
300722,新余国科,False
300723,一品红,False
300724,捷佳伟创,False
300725,药石科技,False
300726,宏达电子,False
300727,润禾材料,False
300729,乐歌股份,False
300730,科创信息,False
300731,科创新源,False
300732,设研院,False
300733,西菱动力,False
300735,光弘科技,False
300736,百邦科技,False
300737,科顺股份,False
300738,奥飞数据,False
300739,明阳电路,False
300740,水羊股份,False
300741,华宝股份,False
300743,天地数码,False
300745,欣锐科技,False
300746,汉嘉数智,False
300747,锐科激光,False
300748,金力永磁,False
300749,顶固集创,False
300750,宁德时代,False
300751,迈为股份,False
300752,隆利科技,False
300753,爱朋医疗,False
300755,华致酒行,False
300756,金马游乐,False
300757,罗博特科,False
300758,七彩化学,False
300759,康龙化成,False
300760,迈瑞医疗,False
300761,立华股份,False
300762,上海瀚讯,False
300763,锦浪科技,False
300765,石药创新,False
300766,每日互动,False
300767,震安科技,False
300768,迪普科技,False
300769,德方纳米,False
300770,新媒股份,False
300771,智莱科技,False
300772,运达股份,False
300773,拉卡拉,False
300774,倍杰特,False
300775,三角防务,False
300776,帝尔激光,False
300777,中简科技,False
300778,新城市,False
300779,惠城环保,False
300780,德恩精工,False
300781,因赛集团,False
300782,卓胜微,False
300783,三只松鼠,False
300784,利安科技,False
300785,值得买,False
300786,国林科技,False
300787,海能实业,False
300788,中信出版,False
300789,唐源电气,False
300790,宇瞳光学,False
300791,仙乐健康,False
300792,壹网壹创,False
300793,佳禾智能,False
300795,米奥会展,False
300796,贝斯美,False
300797,钢研纳克,False
300798,锦鸡股份,False
300800,力合科技,False
300801,泰和科技,False
300802,矩子科技,False
300803,指南针,False
300804,广康生化,False
300805,电声股份,False
300806,斯迪克,False
300807,天迈科技,False
300808,久量股份,False
300809,华辰装备,False
300810,中科海讯,False
300811,铂科新材,False
300812,易天股份,False
300813,泰林生物,False
300814,中富电路,False
300815,玉禾田,False
300816,艾可蓝,False
300817,双飞集团,False
300818,耐普矿机,False
300819,聚杰微纤,False
300820,英杰电气,False
300821,东岳硅材,False
300822,贝仕达克,False
300823,建科智能,False
300824,北鼎股份,False
300825,阿尔特,False
300826,测绘股份,False
300827,上能电气,False
300828,锐新科技,False
300829,金丹科技,False
300830,金现代,False
300831,ST派瑞,True
300832,新产业,False
300833,浩洋股份,False
300834,星辉环材,False
300835,龙磁科技,False
300836,佰奥智能,False
300837,浙矿股份,False
300838,浙江力诺,False
300839,博汇股份,False
300840,酷特智能,False
300841,康华生物,False
300842,帝科股份,False
300843,胜蓝股份,False
300844,山水比德,False
300845,捷安高科,False
300846,首都在线,False
300847,中船汉光,False
300848,美瑞新材,False
300849,锦盛新材,False
300850,新强联,False
300851,交大思诺,False
300852,四会富仕,False
300853,申昊科技,False
300854,中兰环保,False
300855,图南股份,False
300856,科思股份,False
300857,协创数据,False
300858,科拓生物,False
300859,西域旅游,False
300860,锋尚文化,False
300861,美畅股份,False
300862,蓝盾光电,False
300863,卡倍亿,False
300864,南大环境,False
300865,大宏立,False
300866,安克创新,False
300867,圣元环保,False
300868,杰美特,False
300869,康泰医学,False
300870,欧陆通,False
300871,回盛生物,False
300872,天阳科技,False
300873,海晨股份,False
300875,捷强装备,False
300876,蒙泰高新,False
300877,金春股份,False
300878,维康药业,False
300879,大叶股份,False
300880,迦南智能,False
300881,盛德鑫泰,False
300882,万胜智能,False
300883,龙利得,False
300884,狄耐克,False
300885,海昌新材,False
300886,华业香料,False
300887,谱尼测试,False
300888,稳健医疗,False
300889,爱克股份,False
300890,翔丰华,False
300891,惠云钛业,False
300892,品渥食品,False
300893,松原安全,False
300894,火星人,False
300895,铜牛信息,False
300896,爱美客,False
300897,山科智能,False
300898,熊猫乳品,False
300899,上海凯鑫,False
300900,广联航空,False
300901,中胤时尚,False
300902,国安达,False
300903,科翔股份,False
300904,威力传动,False
300905,宝丽迪,False
300906,日月明,False
300907,康平科技,False
300908,仲景食品,False
300909,汇创达,False
300910,瑞丰新材,False
300911,亿田智能,False
300912,凯龙高科,False
300913,兆龙互连,False
300915,海融科技,False
300916,朗特智能,False
300917,特发服务,False
300918,南山智尚,False
300919,中伟新材,False
300920,润阳科技,False
300921,南凌科技,False
300922,天秦装备,False
300923,研奥股份,False
300925,法本信息,False
300926,博俊科技,False
300927,江天化学,False
300928,华安鑫创,False
300929,华骐环保,False
300930,屹通新材,False
300931,通用电梯,False
300932,三友联众,False
300933,中辰股份,False
300935,盈建科,False
300936,中英科技,False
300937,药易购,False
300938,信测标准,False
300939,秋田微,False
300940,南极光,False
300941,创识科技,False
300942,易瑞生物,False
300943,春晖智控,False
300945,曼卡龙,False
300946,恒而达,False
300947,德必集团,False
300948,冠中生态,False
300949,奥雅股份,False
300950,德固特,False
300951,博硕科技,False
300952,恒辉安防,False
300953,震裕科技,False
300955,嘉亨家化,False
300956,英力股份,False
300957,贝泰妮,False
300958,建工修复,False
300959,线上线下,False
300960,通业科技,False
300961,深水海纳,False
300962,中金辐照,False
300963,中洲特材,False
300964,本川智能,False
300965,恒宇信通,False
300966,共同药业,False
300967,晓鸣股份,False
300968,格林精密,False
300969,恒帅股份,False
300970,华绿生物,False
300971,博亚精工,False
300972,万辰集团,False
300973,立高食品,False
300975,商络电子,False
300976,达瑞电子,False
300977,深圳瑞捷,False
300978,东箭科技,False
300979,华利集团,False
300980,祥源新材,False
300981,中红医疗,False
300982,苏文电能,False
300983,尤安设计,False
300984,金沃股份,False
300985,致远新能,False
300986,志特新材,False
300987,川网传媒,False
300988,津荣天宇,False
300989,蕾奥规划,False
300990,同飞股份,False
300991,创益通,False
300992,泰福泵业,False
300993,玉马科技,False
300994,久祺股份,False
300995,奇德新材,False
300996,普联软件,False
300997,欢乐家,False
300998,宁波方正,False
300999,金龙鱼,False
301000,肇民科技,False
301001,凯淳股份,False
301002,崧盛股份,False
301003,江苏博云,False
301004,嘉益股份,False
301005,超捷股份,False
301006,迈拓股份,False
301007,德迈仕,False
301008,宏昌科技,False
301009,可靠股份,False
301010,晶雪节能,False
301011,华立科技,False
301012,扬电科技,False
301013,利和兴,False
301015,百洋医药,False
301016,雷尔伟,False
301017,漱玉平民,False
301018,申菱环境,False
301019,宁波色母,False
301020,密封科技,False
301021,英诺激光,False
301022,海泰科,False
301023,奕帆传动,False
301024,霍普股份,False
301025,读客文化,False
301026,浩通科技,False
301027,华蓝集团,False
301028,鼎熔岩,False
301029,怡合达,False
301030,*ST仕净,True
301031,中熔电气,False
301032,新柴股份,False
301033,迈普医学,False
301035,润丰股份,False
301036,双乐股份,False
301037,保立佳,False
301038,深水规院,False
301039,中集车辆,False
301040,中环海陆,False
301041,金百泽,False
301042,安联锐视,False
301043,绿岛风,False
301045,天禄科技,False
301046,能辉科技,False
301047,义翘神州,False
301048,金鹰重工,False
301049,超越科技,False
301050,雷电微力,False
301051,信濠光电,False
301052,果麦文化,False
301053,远信工业,False
301055,张小泉,False
301056,森赫股份,False
301057,汇隆新材,False
301058,中粮科工,False
301059,金三江,False
301060,兰卫医学,False
301061,匠心家居,False
301062,上海艾录,False
301063,海锅股份,False
301065,本立科技,False
301066,万事利,False
301067,显盈科技,False
301068,大地海洋,False
301069,凯盛新材,False
301070,开勒股份,False
301071,力量钻石,False
301072,中捷精工,False
301073,君亭酒店,False
301075,多瑞医药,False
301076,新瀚新材,False
301077,星华新材,False
301078,孩子王,False
301079,邵阳液压,False
301080,百普赛斯,False
301081,严牌股份,False
301082,久盛电气,False
301083,百胜智能,False
301085,亚康股份,False
301086,鸿富瀚,False
301087,可孚医疗,False
301088,戎美股份,False
301089,拓新药业,False
301090,华润材料,False
301091,深城交,False
301092,争光股份,False
301093,华兰股份,False
301095,广立微,False
301096,百诚医药,False
301097,天益医疗,False
301098,金埔园林,False
301099,雅创电子,False
301100,风光股份,False
301101,明月镜片,False
301102,兆讯传媒,False
301103,何氏眼科,False
301105,鸿铭股份,False
301106,骏成科技,False
301107,瑜欣电子,False
301108,洁雅股份,False
301109,军信股份,False
301110,青木科技,False
301111,粤万年青,False
301112,信邦智能,False
301113,雅艺科技,False
301115,联检科技,False
301116,益客食品,False
301117,ST佳缘,True
301118,恒光股份,False
301119,正强股份,False
301120,新特电气,False
301121,紫建电子,False
301122,采纳股份,False
301123,奕东电子,False
301125,腾亚精工,False
301126,达嘉维康,False
301127,武汉天源,False
301128,强瑞技术,False
301129,瑞纳智能,False
301130,西点药业,False
301131,聚赛龙,False
301132,满坤科技,False
301133,金钟股份,False
301135,瑞德智能,False
301136,招标股份,False
301137,哈焊华通,False
301138,华研精机,False
301139,元道退,False
301141,中科磁业,False
301148,嘉戎技术,False
301149,隆华新材,False
301150,中一科技,False
301151,冠龙节能,False
301152,天力锂能,False
301153,中科江南,False
301155,海力风电,False
301156,美农生物,False
301157,华塑科技,False
301158,德石股份,False
301159,三维天地,False
301160,翔楼新材,False
301161,唯万密封,False
301162,国能日新,False
301163,宏德股份,False
301165,锐捷网络,False
301166,优宁维,False
301167,建研设计,False
301168,通灵股份,False
301169,零点有数,False
301170,锡南科技,False
301171,易点天下,False
301172,君逸数码,False
301173,毓恬冠佳,False
301175,中科环保,False
301176,逸豪新材,False
301177,迪阿股份,False
301178,天亿马,False
301179,泽宇智能,False
301180,万祥科技,False
301181,标榜股份,False
301182,凯旺科技,False
301183,东田微,False
301185,鸥玛软件,False
301186,超达装备,False
301187,欧圣电气,False
301188,力诺药包,False
301189,奥尼电子,False
301190,善水科技,False
301191,菲菱科思,False
301192,泰祥股份,False
301193,家联科技,False
301195,北路智控,False
301196,唯科科技,False
301197,工大科雅,False
301198,喜悦智行,False
301199,迈赫股份,False
301200,大族数控,False
301201,诚达药业,False
301202,朗威股份,False
301203,国泰环保,False
301205,联特科技,False
301206,三元生物,False
301207,华兰疫苗,False
301208,中亦科技,False
301209,联合化学,False
301210,金杨精密,False
301211,亨迪药业,False
301212,联盛化学,False
301213,观想科技,False
301215,中汽股份,False
301216,万凯新材,False
301217,铜冠铜箔,False
301218,华是科技,False
301219,腾远钴业,False
301220,亚香股份,False
301221,光庭信息,False
301222,浙江恒威,False
301223,中荣股份,False
301225,恒勃股份,False
301226,祥明智能,False
301227,森鹰窗业,False
301228,实朴检测,False
301229,纽泰格,False
301230,泓博医药,False
301231,荣信文化,False
301232,飞沃科技,False
301233,盛帮股份,False
301234,五洲医疗,False
301235,华康洁净,False
301236,软通动力,False
301237,和顺科技,False
301238,瑞泰新材,False
301239,普瑞眼科,False
301246,宏源药业,False
301248,杰创智能,False
301251,威尔高,False
301252,同星科技,False
301255,通力科技,False
301256,华融化学,False
301257,普蕊斯,False
301258,富士莱,False
301259,艾布鲁,False
301260,格力博,False
301261,恒工精密,False
301262,海看股份,False
301263,泰恩康,False
301265,华新科技,False
301266,宇邦新材,False
301267,华厦眼科,False
301268,铭利达,False
301269,华大九天,False
301270,汉仪股份,False
301272,英华特,False
301273,瑞晨环保,False
301275,汉朔科技,False
301276,嘉曼服饰,False
301277,新天地,False
301278,快可电子,False
301279,金道科技,False
301280,珠城科技,False
301281,科源制药,False
301282,金禄电子,False
301283,聚胶股份,False
301285,鸿日达,False
301286,侨源股份,False
301287,康力源,False
301288,清研环境,False
301289,国缆检测,False
301290,东星医疗,False
301291,明阳电气,False
301292,海科新源,False
301293,三博脑科,False
301295,美硕科技,False
301296,新巨丰,False
301297,富乐德,False
301298,东利机械,False
301299,卓创资讯,False
301300,远翔新材,False
301301,川宁生物,False
301302,华如科技,False
301303,真兰仪表,False
301305,朗坤科技,False
301306,西测测试,False
301307,美利信,False
301308,江波龙,False
301309,万得凯,False
301310,鑫宏业,False
301311,昆船智能,False
301312,智立方,False
301313,凡拓数创,False
301314,科瑞思,False
301315,威士顿,False
301316,慧博云通,False
301317,鑫磊股份,False
301318,维海德,False
301319,唯特偶,False
301320,豪江智能,False
301321,翰博高新,False
301322,绿通科技,False
301323,新莱福,False
301325,曼恩斯特,False
301326,捷邦科技,False
301327,华宝新能,False
301328,维峰电子,False
301329,信音电子,False
301330,熵基科技,False
301331,恩威医药,False
301332,德尔玛,False
301333,诺思格,False
301335,天元宠物,False
301336,趣睡科技,False
301337,亚华电子,False
301338,凯格精机,False
301339,苏交数智,False
301345,涛涛车业,False
301348,蓝箭电子,False
301349,信德新材,False
301353,普莱得,False
301355,南王科技,False
301356,天振股份,False
301357,北方长龙,False
301358,湖南裕能,False
301359,东南电子,False
301360,荣旗科技,False
301361,众智科技,False
301362,民爆光电,False
301363,美好医疗,False
301365,矩阵股份,False
301366,一博科技,False
301367,瑞迈特,False
301368,丰立智能,False
301369,联动科技,False
301370,国科恒泰,False
301371,敷尔佳,False
301372,科净源,False
301373,凌玮科技,False
301376,致欧科技,False
301377,鼎泰高科,False
301378,通达海,False
301379,天山电子,False
301380,挖金客,False
301381,赛维时代,False
301382,蜂助手,False
301383,天键股份,False
301386,未来电器,False
301387,光大同创,False
301388,欣灵电气,False
301389,隆扬电子,False
301390,经纬股份,False
301391,卡莱特,False
301392,汇成真空,False
301393,昊帆生物,False
301395,仁信新材,False
301396,宏景科技,False
301397,溯联股份,False
301398,星源卓镁,False
301399,英特科技,False
301408,华人健康,False
301413,安培龙,False
301418,协昌科技,False
301419,阿莱德,False
301421,波长光电,False
301428,世纪恒通,False
301429,森泰股份,False
301439,泓淋电力,False
301446,福事特,False
301448,开创电气,False
301449,天溯计量,False
301456,盘古智能,False
301458,钧崴电子,False
301459,丰茂股份,False
301468,博盈特焊,False
301469,恒达新材,False
301479,弘景光电,False
301486,致尚科技,False
301487,盟固利,False
301488,豪恩汽电,False
301489,思泉新材,False
301491,汉桑科技,False
301498,乖宝宠物,False
301499,维科精密,False
301500,飞南资源,False
301501,恒鑫生活,False
301502,华阳智能,False
301503,智迪科技,False
301505,苏州规划,False
301507,民生健康,False
301508,中机认检,False
301509,金凯生科,False
301510,固高科技,False
301511,德福科技,False
301512,智信精密,False
301513,尚水智能,False
301515,港通医疗,False
301516,中远通,False
301517,陕西华达,False
301518,长华化学,False
301519,舜禹股份,False
301520,万邦医药,False
301522,上大股份,False
301525,儒竞科技,False
301526,国际复材,False
301528,多浦乐,False
301529,福赛科技,False
301531,春光集团,False
301533,威马农机,False
301535,浙江华远,False
301536,星宸科技,False
301538,骏鼎达,False
301539,宏鑫科技,False
301548,崇德科技,False
301550,斯菱智驱,False
301551,无线传媒,False
301552,科力装备,False
301555,惠柏新材,False
301556,托普云农,False
301557,常友科技,False
301558,三态股份,False
301559,中集环科,False
301560,众捷股份,False
301563,云汉芯城,False
301565,中仑新材,False
301566,达利凯普,False
301567,贝隆精密,False
301568,思泰克,False
301571,国科天成,False
301575,艾芬达,False
301577,美信科技,False
301578,辰奕智能,False
301580,爱迪特,False
301581,黄山谷捷,False
301583,托伦斯,False
301584,建发致新,False
301585,蓝宇股份,False
301586,佳力奇,False
301587,中瑞股份,False
301588,美新科技,False
301589,诺瓦星云,False
301590,优优绿能,False
301591,肯特股份,False
301592,六九一二,False
301595,太力科技,False
301596,瑞迪智驱,False
301598,博科测试,False
301599,理奇智能,False
301600,慧翰股份,False
301601,惠通科技,False
301602,超研股份,False
301603,乔锋智能,False
301606,绿联科技,False
301607,富特科技,False
301608,博实结,False
301609,山大电力,False
301611,珂玛科技,False
301613,新铝时代,False
301616,浙江华业,False
301617,博苑新材,False
301618,长联科技,False
301622,英思特,False
301626,苏州天脉,False
301628,强达电路,False
301629,矽电股份,False
301630,同宇新材,False
301631,壹连科技,False
301632,广东建科,False
301633,港迪技术,False
301636,泽润新能,False
301638,南网数字,False
301655,绿控传动,False
301656,联合动力,False
301658,首航新能,False
301662,宏工科技,False
301665,泰禾股份,False
301666,大普微-UW,False
301667,纳百川,False
301668,昊创瑞通,False
301669,高特电子,False
301677,欣兴工具,False
301678,新恒汇,False
301680,固德电材,False
301682,宏明电子,False
301683,慧谷新材,False
301686,中塑股份,False
301687,新广益,False
301688,格林生物,False
301689,电科思仪,False
301696,三瑞智能,False
301697,贝特利,False
301699,洛轴股份,False
301707,展芯股份,False
301716,C鸿富诚,False
301717,超纯应材,False
302132,中航成飞,False
600000,浦发银行,False
600004,白云机场,False
600006,东风股份,False
600007,中国国贸,False
600008,首创环保,False
600009,上海机场,False
600010,包钢股份,False
600011,华能国际,False
600012,皖通高速,False
600015,华夏银行,False
600016,民生银行,False
600017,日照港,False
600018,上港集团,False
600019,宝钢股份,False
600020,中原高速,False
600021,上海电力,False
600022,山东钢铁,False
600023,浙能电力,False
600025,华能水电,False
600026,中远海能,False
600027,华电国际,False
600028,XD中国石,False
600029,南方航空,False
600030,中信证券,False
600031,三一重工,False
600032,浙江新能,False
600033,福建高速,False
600035,楚天高速,False
600036,招商银行,False
600037,歌华有线,False
600038,中直股份,False
600039,四川路桥,False
600048,保利发展,False
600050,中国联通,False
600051,宁波联合,False
600052,东望时代,False
600053,*ST九鼎,True
600054,黄山旅游,False
600055,万东医疗,False
600056,中国医药,False
600057,厦门象屿,False
600058,五矿发展,False
600059,古越龙山,False
600060,海信视像,False
600061,国投资本,False
600062,华润双鹤,False
600063,皖维高新,False
600064,南京高科,False
600066,宇通客车,False
600067,冠城新材,False
600071,凤凰光学,False
600072,中船科技,False
600073,光明肉业,False
600075,新疆天业,False
600076,康欣新材,False
600078,澄星股份,False
600079,ST人福,True
600080,ST金花,True
600081,东风科技,False
600082,ST海泰,True
600084,*ST尼雅,True
600085,同仁堂,False
600088,中视传媒,False
600089,特变电工,False
600094,大名城,False
600095,湘财股份,False
600096,云天化,False
600097,开创国际,False
600098,广州发展,False
600099,林海股份,False
600100,同方股份,False
600101,明星电力,False
600103,青山纸业,False
600104,上汽集团,False
600105,永鼎股份,False
600106,重庆路桥,False
600107,*ST尔雅,True
600108,亚盛集团,False
600109,国金证券,False
600110,诺德股份,False
600111,北方稀土,False
600113,浙江东日,False
600114,东睦股份,False
600115,中国东航,False
600116,三峡水利,False
600117,西宁特钢,False
600118,中国卫星,False
600119,*ST长投,True
600120,浙江东方,False
600121,郑州煤电,False
600123,兰花科创,False
600125,铁龙物流,False
600126,杭钢股份,False
600127,金健米业,False
600128,苏豪弘业,False
600129,太极集团,False
600130,波导股份,False
600131,国网信通,False
600132,重庆啤酒,False
600133,东湖高新,False
600135,乐凯胶片,False
600136,ST明诚,True
600137,浪莎股份,False
600138,中青旅,False
600141,兴发集团,False
600143,金发科技,False
600148,长春一东,False
600149,廊坊发展,False
600150,中国船舶,False
600151,航天机电,False
600152,维科技术,False
600153,建发股份,False
600155,华创云信,False
600156,华升股份,False
600157,永泰能源,False
600158,中体产业,False
600159,大龙地产,False
600160,巨化股份,False
600161,天坛生物,False
600162,香江控股,False
600163,中闽能源,False
600165,宁科生物,False
600166,福田汽车,False
600167,联美控股,False
600168,武汉控股,False
600169,ST太重,True
600170,上海建工,False
600171,上海贝岭,False
600172,黄河旋风,False
600173,卧龙新能,False
600176,中国巨石,False
600177,雅戈尔,False
600178,东安动力,False
600179,安通控股,False
600180,*ST瑞茂,True
600182,S佳通,False
600183,生益科技,False
600184,光电股份,False
600185,珠免集团,False
600186,莲花控股,False
600187,*ST国中,True
600188,兖矿能源,False
600189,泉阳泉,False
600191,华资实业,False
600192,长城电工,False
600195,中牧股份,False
600196,复星医药,False
600197,伊力特,False
600198,大唐电信,False
600199,金种子酒,False
600201,生物股份,False
600202,哈空调,False
600203,福日电子,False
600206,有研新材,False
600207,安彩高科,False
600208,衢州发展,False
600210,紫江企业,False
600211,西藏药业,False
600212,绿能慧充,False
600215,派斯林,False
600216,浙江医药,False
600217,中再资环,False
600218,全柴动力,False
600219,南山铝业,False
600221,海航控股,False
600222,太龙药业,False
600223,福瑞达,False
600226,亨通股份,False
600227,赤天化,False
600228,返利科技,False
600229,城市传媒,False
600230,沧州大化,False
600231,凌钢股份,False
600232,金鹰股份,False
600233,圆通速递,False
600234,科新发展,False
600235,民丰特纸,False
600236,桂冠电力,False
600237,铜峰电子,False
600238,ST椰岛,True
600239,ST云城,True
600241,时代万恒,False
600243,*ST海华,True
600246,万通发展,False
600248,陕建股份,False
600249,两面针,False
600250,南京商旅,False
600251,冠农股份,False
600252,中恒集团,False
600255,鑫科材料,False
600256,广汇能源,False
600257,大湖股份,False
600258,首旅酒店,False
600259,中稀有色,False
600261,阳光照明,False
600262,北方股份,False
600265,*ST景谷,True
600266,城建发展,False
600267,海正药业,False
600268,国电南自,False
600269,赣粤高速,False
600271,航天信息,False
600272,开开实业,False
600273,嘉化能源,False
600276,恒瑞医药,False
600278,东方创业,False
600279,重庆港,False
600280,中央商场,False
600281,华阳新材,False
600282,南钢股份,False
600283,钱江水利,False
600284,浦东建设,False
600285,羚锐制药,False
600287,苏豪时尚,False
600288,大恒科技,False
600289,ST信通,True
600292,电投水电,False
600293,三峡新材,False
600295,鄂尔多斯,False
600298,安琪酵母,False
600299,安迪苏,False
600300,维维股份,False
600301,华锡有色,False
600302,ST标准,True
600303,曙光股份,False
600305,恒顺醋业,False
600307,酒钢宏兴,False
600308,华泰股份,False
600309,万华化学,False
600310,广西能源,False
600312,平高电气,False
600313,农发种业,False
600315,上海家化,False
600316,洪都航空,False
600318,新力金融,False
600319,亚星化学,False
600320,振华重工,False
600322,津投城开,False
600323,瀚蓝环境,False
600325,华发股份,False
600326,西藏天路,False
600327,大东方,False
600328,中盐化工,False
600329,达仁堂,False
600330,天通股份,False
600331,宏达股份,False
600332,白云山,False
600333,长春燃气,False
600335,国机汽车,False
600336,澳柯玛,False
600337,ST美克,True
600338,西藏珠峰,False
600339,中油工程,False
600340,*ST华幸,True
600343,航天动力,False
600345,长江通信,False
600346,恒力石化,False
600348,华阳股份,False
600350,山东高速,False
600351,亚宝药业,False
600352,浙江龙盛,False
600353,旭光电子,False
600354,敦煌种业,False
600356,恒丰纸业,False
600358,国旅联合,False
600359,新农开发,False
600360,华微电子,False
600361,创新新材,False
600362,江西铜业,False
600363,ST联光,True
600365,ST通葡,True
600366,宁波韵升,False
600367,红星发展,False
600368,五洲交通,False
600369,西南证券,False
600370,*ST三房,True
600371,万向德农,False
600372,中航机载,False
600373,中文传媒,False
600375,汉马科技,False
600376,首开股份,False
600377,宁沪高速,False
600378,昊华科技,False
600379,宝光股份,False
600380,健康元,False
600381,*ST春天,True
600382,广东明珠,False
600383,金地集团,False
600386,北巴传媒,False
600388,紫金龙净,False
600389,江山股份,False
600390,五矿资本,False
600391,航发科技,False
600392,盛和资源,False
600395,盘江股份,False
600396,华电辽能,False
600397,江钨装备,False
600398,海澜之家,False
600399,抚顺特钢,False
600400,红豆股份,False
600403,大有能源,False
600405,动力源,False
600406,国电南瑞,False
600408,安泰集团,False
600409,三友化工,False
600410,华胜天成,False
600415,小商品城,False
600416,湘电股份,False
600418,江淮汽车,False
600419,天润乳业,False
600420,国药现代,False
600422,昆药集团,False
600423,*ST柳化,True
600425,青松建化,False
600426,华鲁恒升,False
600428,中远海特,False
600429,三元股份,False
600433,冠豪高新,False
600435,北方导航,False
600436,片仔癀,False
600438,通威股份,False
600439,ST瑞贝卡,True
600444,国机通用,False
600446,金证股份,False
600448,华纺股份,False
600449,宁夏建材,False
600452,涪陵电力,False
600455,博通股份,False
600456,宝钛股份,False
600458,时代新材,False
600459,贵研铂业,False
600460,士兰微,False
600461,洪城环境,False
600463,空港股份,False
600467,好当家,False
600468,百利电气,False
600469,风神股份,False
600470,六国化工,False
600475,华光环能,False
600476,*ST湘邮,True
600477,杭萧钢构,False
600478,科力远,False
600479,千金药业,False
600480,凌云股份,False
600481,双良节能,False
600482,中国动力,False
600483,福能股份,False
600486,XD扬农化,False
600487,亨通光电,False
600488,津药药业,False
600489,中金黄金,False
600490,鹏欣资源,False
600491,ST龙元,True
600493,凤竹纺织,False
600495,晋西车轴,False
600496,精工钢构,False
600497,驰宏锌锗,False
600498,烽火通信,False
600499,科达制造,False
600500,中化国际,False
600501,航天晨光,False
600502,安徽建工,False
600503,华丽家族,False
600505,西昌电力,False
600506,统一股份,False
600507,方大特钢,False
600508,上海能源,False
600509,天富能源,False
600510,黑牡丹,False
600511,国药股份,False
600512,腾达建设,False
600513,联环药业,False
600515,海南机场,False
600516,方大炭素,False
600517,国网英大,False
600518,康美药业,False
600519,贵州茅台,False
600520,三佳科技,False
600521,华海药业,False
600522,中天科技,False
600523,贵航股份,False
600525,长园集团,False
600526,菲达环保,False
600527,江南高纤,False
600528,中铁工业,False
600529,山东药玻,False
600530,ST交昂,True
600531,豫光金铅,False
600533,栖霞建设,False
600535,天士力,False
600536,中国软件,False
600537,*ST亿晶,True
600538,国发股份,False
600539,狮头股份,False
600540,新赛股份,False
600543,*ST莫高,True
600545,卓郎智能,False
600546,山煤国际,False
600547,山东黄金,False
600548,深高速,False
600549,厦门钨业,False
600550,保变电气,False
600551,时代出版,False
600552,凯盛科技,False
600556,天下秀,False
600557,康缘药业,False
600558,大西洋,False
600559,老白干酒,False
600560,金自天正,False
600561,江西长运,False
600562,国睿科技,False
600563,法拉电子,False
600566,济川药业,False
600567,山鹰国际,False
600568,ST中珠,True
600569,安阳钢铁,False
600570,恒生电子,False
600571,信雅达,False
600572,康恩贝,False
600573,惠泉啤酒,False
600575,淮河能源,False
600576,祥源文旅,False
600577,精达股份,False
600578,京能电力,False
600579,中化装备,False
600580,卧龙电驱,False
600581,*ST八钢,True
600582,天地科技,False
600583,海油工程,False
600584,长电科技,False
600585,XD海螺水,False
600586,金晶科技,False
600587,新华医疗,False
600588,用友网络,False
600589,大位科技,False
600590,泰豪科技,False
600592,龙溪股份,False
600593,大连圣亚,False
600594,益佰制药,False
600595,中孚实业,False
600596,新安股份,False
600597,光明乳业,False
600598,北大荒,False
600600,青岛啤酒,False
600601,方正科技,False
600602,云赛智联,False
600603,广汇物流,False
600604,市北高新,False
600605,汇通能源,False
600606,绿地控股,False
600609,金杯汽车,False
600610,中毅达,False
600611,大众交通,False
600612,老凤祥,False
600613,神奇制药,False
600615,鑫源智造,False
600616,金枫酒业,False
600617,国新能源,False
600618,氯碱化工,False
600619,海立股份,False
600620,天宸股份,False
600621,华鑫股份,False
600622,光大嘉宝,False
600623,华谊集团,False
600624,ST复华,True
600626,申达股份,False
600628,新世界,False
600629,华建集团,False
600630,龙头股份,False
600633,浙数文化,False
600635,大众公用,False
600637,东方明珠,False
600638,新黄浦,False
600639,浦东金桥,False
600640,国脉文化,False
600641,先导基电,False
600642,申能股份,False
600643,爱建集团,False
600644,乐山电力,False
600645,中源协和,False
600648,外高桥,False
600649,城投控股,False
600650,锦江在线,False
600651,飞乐音响,False
600653,申华控股,False
600654,中安科,False
600655,豫园股份,False
600657,信达地产,False
600658,电子城,False
600660,福耀玻璃,False
600661,昂立教育,False
600662,外服控股,False
600663,陆家嘴,False
600664,哈药股份,False
600665,天地源,False
600666,奥瑞德,False
600667,太极实业,False
600668,尖峰集团,False
600671,天目药业,False
600673,东阳光,False
600674,川投能源,False
600675,中华企业,False
600676,久事动娱,False
600678,ST金顶,True
600679,上海凤凰,False
600681,百川能源,False
600682,南京新百,False
600683,京投发展,False
600684,珠江股份,False
600685,中船防务,False
600686,金龙汽车,False
600688,上海石化,False
600689,上海三毛,False
600690,海尔智家,False
600691,潞化科技,False
600692,亚通股份,False
600693,东百集团,False
600694,大商股份,False
600697,欧亚集团,False
600698,湖南天雁,False
600699,均胜电子,False
600702,舍得酒业,False
600703,三安光电,False
600704,物产中大,False
600706,曲江文旅,False
600707,彩虹股份,False
600708,光明地产,False
600710,苏美达,False
600711,盛屯矿业,False
600712,南宁百货,False
600713,南京医药,False
600714,金瑞矿业,False
600715,文投控股,False
600716,凤凰股份,False
600717,天津港,False
600718,东软集团,False
600719,大连热电,False
600720,中交设计,False
600721,百花医药,False
600722,金牛化工,False
600724,宁波富达,False
600725,云维股份,False
600726,华电能源,False
600727,鲁北化工,False
600728,佳都科技,False
600729,重百集团,False
600730,*ST高科,True
600731,湖南海利,False
600732,爱旭股份,False
600733,北汽蓝谷,False
600734,*ST实达,True
600735,ST新华锦,True
600736,苏州高新,False
600737,中粮糖业,False
600738,丽尚国潮,False
600739,辽宁成大,False
600740,山西焦化,False
600741,华域汽车,False
600742,XD富维股,False
600743,华远控股,False
600744,华银电力,False
600745,*ST闻泰,True
600746,江苏索普,False
600748,上实发展,False
600749,西藏旅游,False
600750,华润江中,False
600751,海航科技,False
600753,ST海钦,True
600754,锦江酒店,False
600755,厦门国贸,False
600756,浪潮软件,False
600757,长江传媒,False
600758,辽宁能源,False
600759,ST洲际,True
600760,中航沈飞,False
600761,安徽合力,False
600763,通策医疗,False
600764,中国海防,False
600765,中航重机,False
600768,富邦新材,False
600769,祥龙电业,False
600770,综艺股份,False
600771,广誉远,False
600773,西藏城投,False
600774,汉商集团,False
600775,南京熊猫,False
600776,东方通信,False
600777,XD新潮能,False
600778,友好集团,False
600779,水井坊,False
600780,通宝能源,False
600782,新钢股份,False
600783,鲁信创投,False
600784,鲁银投资,False
600785,新华百货,False
600787,中储股份,False
600789,鲁抗医药,False
600790,轻纺城,False
600791,京能置业,False
600792,云煤能源,False
600793,宜宾纸业,False
600794,保税科技,False
600795,国电电力,False
600796,钱江生化,False
600797,浙大网新,False
600798,宁波海运,False
600800,渤海化学,False
600801,华新建材,False
600802,福建水泥,False
600803,新奥股份,False
600805,悦达投资,False
600807,济高发展,False
600808,马钢股份,False
600809,山西汾酒,False
600810,神马股份,False
600812,华北制药,False
600814,杭州解百,False
600815,厦工股份,False
600816,建元信托,False
600817,宇通重工,False
600818,ST中路,True
600819,耀皮玻璃,False
600820,隧道股份,False
600821,金开新能,False
600822,上海物贸,False
600824,益民集团,False
600825,新华传媒,False
600826,兰生股份,False
600827,百联股份,False
600828,茂业商业,False
600829,人民同泰,False
600830,香溢融通,False
600831,广电网络,False
600833,第一医药,False
600834,XD申通地,False
600835,上海机电,False
600838,上海九百,False
600839,四川长虹,False
600841,动力新科,False
600843,上工申贝,False
600844,金煤科技,False
600845,宝信软件,False
600846,同济科技,False
600847,万里股份,False
600848,上海临港,False
600850,电科数字,False
600851,海欣股份,False
600853,龙建股份,False
600854,春兰股份,False
600855,航天长峰,False
600857,宁波中百,False
600858,银座股份,False
600859,王府井,False
600860,京城股份,False
600861,北京人力,False
600862,中航高科,False
600863,华能蒙电,False
600864,哈投股份,False
600865,百大集团,False
600866,星湖科技,False
600867,通化东宝,False
600868,梅雁吉祥,False
600869,远东股份,False
600871,石化油服,False
600872,中炬高新,False
600873,梅花生物,False
600874,创业环保,False
600875,东方电气,False
600876,凯盛新能,False
600877,电科芯片,False
600879,航天电子,False
600880,博瑞传播,False
600881,亚泰集团,False
600882,妙可蓝多,False
600883,博闻科技,False
600884,杉杉股份,False
600885,宏发股份,False
600886,国投电力,False
600887,伊利股份,False
600888,新疆众和,False
600889,*ST京化,True
600892,大晟文化,False
600893,航发动力,False
600894,广日股份,False
600895,张江高科,False
600897,厦门空港,False
600900,长江电力,False
600901,江苏金租,False
600903,贵州燃气,False
600905,三峡能源,False
600906,财达证券,False
600908,无锡银行,False
600909,华安证券,False
600916,中国黄金,False
600917,重庆燃气,False
600918,中泰证券,False
600919,江苏银行,False
600925,苏能股份,False
600926,杭州银行,False
600927,永安期货,False
600928,西安银行,False
600929,雪天盐业,False
600930,华电新能,False
600933,爱柯迪,False
600935,华塑股份,False
600936,北投科技,False
600938,中国海油,False
600939,重庆建工,False
600941,XD中国移,False
600955,维远股份,False
600956,新天绿能,False
600958,东方证券,False
600959,江苏有线,False
600960,渤海汽车,False
600961,株冶集团,False
600962,国投中鲁,False
600963,岳阳林纸,False
600965,*ST福成,True
600966,博汇纸业,False
600967,内蒙一机,False
600968,海油发展,False
600969,郴电国际,False
600970,中材国际,False
600971,恒源煤电,False
600973,宝胜股份,False
600975,新五丰,False
600976,健民集团,False
600977,中国电影,False
600979,广安爱众,False
600980,北矿科技,False
600981,苏豪汇鸿,False
600982,宁波能源,False
600983,惠而浦,False
600984,建设机械,False
600985,淮北矿业,False
600986,浙文互联,False
600987,航民股份,False
600988,赤峰黄金,False
600989,宝丰能源,False
600990,四创电子,False
600992,贵绳股份,False
600993,马应龙,False
600995,南网储能,False
600996,贵广网络,False
600997,开滦股份,False
600998,九州通,False
600999,招商证券,False
601000,唐山港,False
601001,晋控煤业,False
601002,晋亿实业,False
601003,柳钢股份,False
601005,重庆钢铁,False
601006,大秦铁路,False
601007,金陵饭店,False
601008,连云港,False
601009,南京银行,False
601010,ST文峰,True
601011,宝泰隆,False
601012,隆基绿能,False
601015,陕西黑猫,False
601016,节能风电,False
601018,宁波港,False
601019,山东出版,False
601020,华钰矿业,False
601021,春秋航空,False
601022,宁波远洋,False
601026,道生天合,False
601033,永兴股份,False
601038,一拖股份,False
601058,赛轮轮胎,False
601059,信达证券,False
601061,中信金属,False
601065,江盐集团,False
601066,中信建投,False
601068,中铝国际,False
601069,XD西部黄,False
601077,渝农商行,False
601083,锦江航运,False
601086,国芳集团,False
601088,中国神华,False
601089,福元医药,False
601091,沈鼓集团,False
601096,宏盛华源,False
601098,中南传媒,False
601099,太平洋,False
601100,恒立液压,False
601101,昊华能源,False
601106,中国一重,False
601107,四川成渝,False
601108,财通证券,False
601111,中国国航,False
601112,振石股份,False
601113,华鼎股份,False
601116,三江购物,False
601117,中国化学,False
601118,海南橡胶,False
601121,宝地矿业,False
601123,马矿股份,False
601126,四方股份,False
601127,赛力斯,False
601128,常熟银行,False
601133,柏诚股份,False
601136,首创证券,False
601137,博威合金,False
601138,工业富联,False
601139,深圳燃气,False
601155,新城控股,False
601156,东航物流,False
601158,重庆水务,False
601162,天风证券,False
601163,三角轮胎,False
601166,兴业银行,False
601168,西部矿业,False
601169,北京银行,False
601177,杭齿前进,False
601179,中国西电,False
601186,中国铁建,False
601187,厦门银行,False
601188,龙江交通,False
601198,东兴证券,False
601199,江南水务,False
601200,上海环境,False
601208,东材科技,False
601211,国泰海通,False
601212,白银有色,False
601216,君正集团,False
601218,吉鑫科技,False
601222,林洋能源,False
601225,陕西煤业,False
601226,华电科工,False
601228,广州港,False
601229,上海银行,False
601231,环旭电子,False
601233,桐昆股份,False
601236,红塔证券,False
601238,广汽集团,False
601279,英利汽车,False
601288,农业银行,False
601298,青岛港,False
601311,骆驼股份,False
601318,中国平安,False
601319,中国人保,False
601326,秦港股份,False
601328,交通银行,False
601330,绿色动力,False
601333,广深铁路,False
601336,新华保险,False
601339,百隆东方,False
601360,三六零,False
601366,利群股份,False
601368,绿城水务,False
601369,陕鼓动力,False
601375,中原证券,False
601377,兴业证券,False
601388,怡球资源,False
601390,中国中铁,False
601398,工商银行,False
601399,国机重装,False
601456,国联民生,False
601500,通用股份,False
601512,中新集团,False
601515,衢州东峰,False
601518,吉林高速,False
601519,大智慧,False
601528,瑞丰银行,False
601555,东吴证券,False
601566,九牧王,False
601567,三星电气,False
601568,北元化工,False
601577,XD长沙银,False
601579,会稽山,False
601588,北辰实业,False
601595,上海电影,False
601598,中国外运,False
601599,浙文影业,False
601600,中国铝业,False
601601,中国太保,False
601606,长城军工,False
601607,上海医药,False
601608,中信重工,False
601609,金田股份,False
601611,中国核建,False
601615,明阳智能,False
601616,广电电气,False
601618,中国中冶,False
601619,嘉泽新能,False
601628,中国人寿,False
601633,长城汽车,False
601636,旗滨集团,False
601658,邮储银行,False
601665,齐鲁银行,False
601666,平煤股份,False
601668,中国建筑,False
601669,中国电建,False
601677,明泰铝业,False
601678,滨化股份,False
601686,友发集团,False
601688,华泰证券,False
601689,拓普集团,False
601696,中银证券,False
601698,中国卫通,False
601699,潞安环能,False
601700,风范股份,False
601702,华峰铝业,False
601717,中创智领,False
601718,ST际华,True
601727,上海电气,False
601728,中国电信,False
601766,中国中车,False
601777,千里科技,False
601778,晶科科技,False
601788,光大证券,False
601789,宁波建工,False
601798,蓝科高新,False
601799,星宇股份,False
601800,中国交建,False
601801,皖新传媒,False
601808,中海油服,False
601811,新华文轩,False
601816,京沪高铁,False
601818,光大银行,False
601825,沪农商行,False
601827,三峰环境,False
601828,美凯龙,False
601838,成都银行,False
601857,中国石油,False
601858,中国科传,False
601860,紫金银行,False
601865,福莱特,False
601866,中远海发,False
601868,中国能建,False
601869,长飞光纤,False
601872,招商轮船,False
601877,XD正泰电,False
601878,浙商证券,False
601880,辽港股份,False
601881,中国银河,False
601882,海天精工,False
601886,江河集团,False
601888,中国中免,False
601890,亚星锚链,False
601898,中煤能源,False
601899,紫金矿业,False
601900,南方传媒,False
601901,方正证券,False
601908,京运通,False
601916,浙商银行,False
601918,新集能源,False
601919,中远海控,False
601921,浙版传媒,False
601928,凤凰传媒,False
601929,吉视传媒,False
601933,永辉超市,False
601939,建设银行,False
601949,中国出版,False
601952,苏垦农发,False
601956,东贝集团,False
601958,金钼股份,False
601963,重庆银行,False
601965,中国汽研,False
601966,玲珑轮胎,False
601968,宝钢包装,False
601969,海南矿业,False
601975,招商南油,False
601985,中国核电,False
601988,中国银行,False
601990,南京证券,False
601991,大唐发电,False
601992,金隅集团,False
601995,中金公司,False
601996,丰林集团,False
601997,贵阳银行,False
601998,中信银行,False
601999,出版传媒,False
603000,人民网,False
603001,奥康国际,False
603002,宏昌电子,False
603004,鼎龙科技,False
603005,晶方科技,False
603006,联明股份,False
603007,顺景科技,False
603008,ST喜临门,True
603009,北特科技,False
603010,万盛股份,False
603011,合锻智能,False
603012,创力集团,False
603013,亚普股份,False
603014,威高血净,False
603015,弘讯科技,False
603016,新宏泰,False
603017,中衡设计,False
603018,华设集团,False
603019,中科曙光,False
603020,爱普股份,False
603021,*ST华鹏,True
603022,新通联,False
603023,威帝股份,False
603025,大豪科技,False
603026,石大胜华,False
603027,千禾味业,False
603028,赛福天,False
603029,天鹅股份,False
603030,全筑股份,False
603031,安孚科技,False
603032,德新科技,False
603033,三维股份,False
603035,常熟汽饰,False
603036,如通股份,False
603037,凯众股份,False
603038,华立股份,False
603039,泛微网络,False
603040,新坐标,False
603041,美思德,False
603042,华脉科技,False
603043,广州酒家,False
603045,福达合金,False
603048,浙江黎明,False
603049,中策橡胶,False
603050,科林电气,False
603051,鹿山新材,False
603052,可川科技,False
603053,成都燃气,False
603055,台华新材,False
603057,紫燕食品,False
603058,永吉股份,False
603059,倍加洁,False
603060,国检集团,False
603061,金海通,False
603062,麦加芯彩,False
603063,禾望电气,False
603065,宿迁联盛,False
603066,音飞储存,False
603067,振华股份,False
603068,博通集成,False
603069,海汽集团,False
603070,万控智造,False
603071,物产环能,False
603072,天和磁材,False
603073,彩蝶实业,False
603075,热威股份,False
603076,乐惠国际,False
603077,和邦生物,False
603078,江化微,False
603079,圣达生物,False
603080,新疆火炬,False
603081,大丰实业,False
603082,北自科技,False
603083,剑桥科技,False
603085,天成自控,False
603086,先达股份,False
603087,甘李药业,False
603088,宁波精达,False
603089,正裕工业,False
603090,宏盛股份,False
603091,众鑫股份,False
603092,德力佳,False
603093,南华期货,False
603095,越剑智能,False
603096,新经典,False
603097,江苏华辰,False
603098,森特股份,False
603099,长白山,False
603100,川仪股份,False
603101,汇嘉时代,False
603102,百合股份,False
603103,横店影视,False
603105,芯能科技,False
603106,恒银科技,False
603107,上海汽配,False
603108,润达医疗,False
603109,神驰机电,False
603110,东方材料,False
603111,康尼机电,False
603112,华翔股份,False
603113,金能科技,False
603115,海星股份,False
603116,红蜻蜓,False
603117,万林物流,False
603118,共进股份,False
603119,浙江荣泰,False
603120,肯特催化,False
603121,华培动力,False
603122,合富中国,False
603123,翠微股份,False
603124,江南新材,False
603125,常青科技,False
603126,中材节能,False
603127,昭衍新药,False
603128,华贸物流,False
603129,春风动力,False
603130,云中马,False
603131,上海沪工,False
603132,金徽股份,False
603135,中重科技,False
603136,天目湖,False
603137,恒尚节能,False
603138,海量数据,False
603139,康惠股份,False
603150,万朗磁塑,False
603151,邦基科技,False
603153,上海建科,False
603155,新亚强,False
603156,养元饮品,False
603158,腾龙股份,False
603159,上海亚虹,False
603160,汇顶科技,False
603161,科华控股,False
603162,海通发展,False
603163,圣晖集成,False
603165,荣晟环保,False
603166,福达股份,False
603167,渤海轮渡,False
603168,莎普爱思,False
603169,兰石重装,False
603170,宝立食品,False
603171,税友股份,False
603172,万丰股份,False
603173,福斯达,False
603175,超颖电子,False
603176,汇通集团,False
603177,德创环保,False
603178,圣龙股份,False
603179,新泉股份,False
603180,金牌家居,False
603181,皇马科技,False
603182,嘉华股份,False
603183,建研院,False
603185,弘元绿能,False
603186,华正新材,False
603187,海容冷链,False
603188,亚邦股份,False
603189,*ST网达,True
603190,亚通精工,False
603191,望变电气,False
603192,汇得科技,False
603193,润本股份,False
603194,中力股份,False
603195,公牛集团,False
603196,璞源材料,False
603197,保隆科技,False
603198,迎驾贡酒,False
603199,九华旅游,False
603200,上海洗霸,False
603201,常润股份,False
603202,天有为,False
603203,快克智能,False
603205,健尔康,False
603206,嘉环科技,False
603207,小方制药,False
603208,江山欧派,False
603209,兴通股份,False
603210,泰鸿万立,False
603211,晋拓股份,False
603212,赛伍技术,False
603213,镇洋发展,False
603214,爱婴室,False
603215,比依股份,False
603216,梦天家居,False
603217,元利科技,False
603218,日月股份,False
603219,富佳股份,False
603220,中贝通信,False
603221,爱丽家居,False
603222,济民健康,False
603223,XD恒通股,False
603225,新凤鸣,False
603226,菲林格尔,False
603227,雪峰科技,False
603228,景旺电子,False
603229,奥翔药业,False
603230,内蒙新华,False
603231,索宝蛋白,False
603232,格尔软件,False
603233,大参林,False
603235,天新药业,False
603236,移远通信,False
603237,五芳斋,False
603238,诺邦股份,False
603239,浙江仙通,False
603248,锡华科技,False
603255,鼎际得,False
603256,宏和科技,False
603257,中国瑞林,False
603258,电魂网络,False
603259,药明康德,False
603260,合盛硅业,False
603261,立航科技,False
603262,技源集团,False
603266,天龙股份,False
603267,鸿远电子,False
603268,松发股份,False
603269,海鸥股份,False
603270,金帝股份,False
603271,永杰新材,False
603272,*ST联翔,True
603273,天元智能,False
603275,众辰科技,False
603276,恒兴新材,False
603277,银都股份,False
603278,大业股份,False
603279,景津装备,False
603280,南方路机,False
603281,江瀚新材,False
603282,亚光股份,False
603283,赛腾股份,False
603284,林平发展,False
603285,键邦股份,False
603286,日盈电子,False
603288,海天味业,False
603289,泰瑞机器,False
603290,斯达半导,False
603291,XD联合水,False
603293,埃泰克,False
603296,华勤技术,False
603297,永新光学,False
603298,杭叉集团,False
603299,苏盐井神,False
603300,海南华铁,False
603301,振德医疗,False
603303,得邦照明,False
603305,旭升集团,False
603306,华懋科技,False
603307,扬州金泉,False
603308,应流股份,False
603309,维力医疗,False
603310,巍华新材,False
603311,金海高科,False
603312,西典新能,False
603313,梦百合,False
603315,福鞍股份,False
603316,诚邦股份,False
603317,天味食品,False
603318,水发燃气,False
603319,美湖股份,False
603320,迪贝电气,False
603321,梅轮电梯,False
603322,超讯科技,False
603323,苏农银行,False
603324,盛剑科技,False
603325,博隆技术,False
603326,我乐家居,False
603327,福蓉科技,False
603328,依顿电子,False
603329,上海雅仕,False
603330,天洋新材,False
603331,百达精工,False
603332,苏州龙杰,False
603333,福华尚纬,False
603334,丰倍生物,False
603335,迪生力,False
603336,宏辉果蔬,False
603337,杰克科技,False
603338,浙江鼎力,False
603339,四方科技,False
603341,龙旗科技,False
603344,星德胜,False
603345,安井食品,False
603348,文灿股份,False
603350,安乃达,False
603351,威尔药业,False
603352,至信股份,False
603353,和顺石油,False
603355,莱克电气,False
603356,华菱精工,False
603357,设计总院,False
603358,华达科技,False
603359,*ST东珠,True
603360,百傲化学,False
603363,傲农生物,False
603365,水星家纺,False
603366,日出东方,False
603367,辰欣药业,False
603368,柳药集团,False
603369,今世缘,False
603370,华新精科,False
603373,安邦护卫,False
603375,盛景微,False
603376,大明电子,False
603377,ST东时,True
603378,*ST亚士,True
603379,三美股份,False
603380,易德龙,False
603381,永臻股份,False
603382,海阳科技,False
603383,顶点软件,False
603385,惠达卫浴,False
603386,骏亚科技,False
603387,基蛋生物,False
603389,亚振家居,False
603390,通达电气,False
603391,力聚热能,False
603392,万泰生物,False
603393,新天然气,False
603395,红四方,False
603396,金辰股份,False
603398,*ST沐邦,True
603399,永杉锂业,False
603400,华之杰,False
603402,陕西旅游,False
603406,天富龙,False
603407,长裕集团,False
603408,建霖家居,False
603409,汇通控股,False
603416,信捷电气,False
603418,友升股份,False
603421,鼎信通讯,False
603429,*ST集友,True
603435,嘉德利,False
603439,三力制药,False
603444,吉比特,False
603448,天博智能,False
603456,九洲药业,False
603458,勘设股份,False
603459,红板科技,False
603466,风语筑,False
603468,津富士达,False
603477,巨星农牧,False
603486,科沃斯,False
603488,展鹏科技,False
603489,八方股份,False
603496,恒为科技,False
603499,翔港科技,False
603500,祥和实业,False
603501,豪威集团,False
603505,金石资源,False
603506,南都物业,False
603507,振江股份,False
603508,思维列控,False
603511,爱慕股份,False
603515,XD欧普照,False
603516,淳中科技,False
603517,ST绝味,True
603518,锦泓集团,False
603519,立霸股份,False
603520,司太立,False
603527,众源新材,False
603528,多伦科技,False
603529,爱玛科技,False
603530,神马电力,False
603533,掌阅科技,False
603535,嘉诚国际,False
603536,惠发食品,False
603538,美诺华,False
603551,奥普科技,False
603556,海兴电力,False
603557,*ST起步,True
603558,健盛集团,False
603559,中通国脉,False
603565,中谷物流,False
603566,普莱柯,False
603567,珍宝岛,False
603568,伟明环保,False
603569,长久物流,False
603577,汇金通,False
603578,三星新材,False
603579,荣泰健康,False
603580,艾艾精工,False
603583,捷昌驱动,False
603585,苏利股份,False
603586,金麒麟,False
603587,地素时尚,False
603588,高能环境,False
603589,口子窖,False
603590,康辰药业,False
603595,ST东尼,True
603596,伯特利,False
603598,引力传媒,False
603599,广信股份,False
603600,永艺股份,False
603601,再升科技,False
603602,纵横通信,False
603605,珀莱雅,False
603606,东方电缆,False
603607,京华激光,False
603608,天创时尚,False
603609,禾丰股份,False
603610,麒盛科技,False
603611,诺力股份,False
603612,索通发展,False
603613,国联股份,False
603615,茶花股份,False
603616,韩建河山,False
603617,君禾股份,False
603618,杭电股份,False
603619,中曼石油,False
603626,科森科技,False
603628,清源股份,False
603629,利通电子,False
603630,拉芳家化,False
603633,徕木股份,False
603636,南威软件,False
603637,镇海股份,False
603638,艾迪精密,False
603639,海利尔,False
603648,畅联股份,False
603650,彤程新材,False
603655,朗博科技,False
603656,泰禾智能,False
603657,春光科技,False
603658,安图生物,False
603659,璞泰来,False
603660,苏州科达,False
603661,恒林股份,False
603662,柯力传感,False
603663,三祥新材,False
603665,康隆达,False
603666,亿嘉和,False
603667,五洲新春,False
603668,天马科技,False
603669,灵康药业,False
603676,卫信康,False
603677,奇精机械,False
603678,火炬电子,False
603679,华体科技,False
603680,今创集团,False
603681,永冠新材,False
603682,锦和商管,False
603683,晶华新材,False
603685,晨丰科技,False
603686,福龙马,False
603687,大胜达,False
603688,石英股份,False
603689,皖天然气,False
603690,至纯科技,False
603693,江苏新能,False
603696,安记食品,False
603697,有友食品,False
603698,航天工程,False
603699,纽威股份,False
603700,宁水集团,False
603701,德宏股份,False
603703,盛洋科技,False
603706,东方环宇,False
603707,健友股份,False
603708,家家悦,False
603709,中源家居,False
603711,香飘飘,False
603712,七一二,False
603713,密尔克卫,False
603716,塞力医疗,False
603717,天域生物,False
603718,*ST海利,True
603719,良品铺子,False
603721,中广天择,False
603722,阿科力,False
603725,天安新材,False
603726,朗迪集团,False
603727,博迈科,False
603728,鸣志电器,False
603729,ST龙韵,True
603730,岱美股份,False
603733,仙鹤股份,False
603737,三棵树,False
603738,泰晶科技,False
603739,蔚蓝生物,False
603755,日辰股份,False
603757,大元泵业,False
603758,秦安股份,False
603759,海天股份,False
603766,隆鑫通用,False
603767,中马传动,False
603768,常青股份,False
603773,沃格光电,False
603776,永安行,False
603777,来伊份,False
603778,国晟科技,False
603779,威龙股份,False
603786,科博达,False
603787,新日股份,False
603788,宁波高发,False
603789,ST星农,True
603790,雅运股份,False
603797,联泰环保,False
603798,康普顿,False
603799,华友钴业,False
603800,洪田股份,False
603801,志邦家居,False
603803,瑞斯康达,False
603806,福斯特,False
603808,歌力思,False
603809,豪能股份,False
603810,丰山集团,False
603811,诚意药业,False
603813,原尚股份,False
603815,交建股份,False
603816,顾家家居,False
603817,海峡环保,False
603818,曲美家居,False
603819,神力股份,False
603822,ST嘉澳,True
603823,百合花,False
603825,ST华扬,True
603826,坤彩科技,False
603828,*ST利达,True
603829,洛凯股份,False
603833,欧派家居,False
603836,海程邦达,False
603838,*ST四通,True
603839,安正时尚,False
603843,*ST正平,True
603848,好太太,False
603855,华荣股份,False
603856,东宏股份,False
603858,步长制药,False
603859,能科科技,False
603860,中公高科,False
603861,白云电器,False
603863,松炀资源,False
603866,桃李面包,False
603867,新化股份,False
603868,飞科电器,False
603869,ST智知,True
603871,嘉友国际,False
603876,鼎胜新材,False
603877,太平鸟,False
603878,武进不锈,False
603879,永悦科技,False
603880,南卫股份,False
603881,数据港,False
603882,金域医学,False
603883,老百姓,False
603885,吉祥航空,False
603886,元祖股份,False
603887,城地香江,False
603888,新华网,False
603889,新澳股份,False
603890,春秋电子,False
603893,瑞芯微,False
603895,天永智能,False
603896,寿仙谷,False
603897,长城科技,False
603898,好莱客,False
603899,晨光股份,False
603900,莱绅通灵,False
603901,永创智能,False
603903,中持股份,False
603906,龙蟠科技,False
603908,牧高笛,False
603909,建发合诚,False
603912,佳力图,False
603915,国茂股份,False
603916,苏博特,False
603917,合力科技,False
603918,金桥信息,False
603919,金徽酒,False
603920,世运电路,False
603922,ST金鸿顺,True
603926,铁流股份,False
603927,中科软,False
603928,兴业股份,False
603929,亚翔集成,False
603931,格林达,False
603933,睿能科技,False
603936,博敏电子,False
603937,丽岛新材,False
603938,三孚股份,False
603939,XD益丰药,False
603948,建业股份,False
603949,雪龙集团,False
603950,长源东谷,False
603955,大千生态,False
603956,威派格,False
603958,哈森股份,False
603959,ST百利,True
603960,克来机电,False
603966,法兰泰克,False
603967,中创物流,False
603968,醋化股份,False
603969,银龙股份,False
603970,中农立华,False
603976,正川股份,False
603977,国泰集团,False
603978,深圳新星,False
603979,金诚信,False
603980,吉华集团,False
603982,泉峰汽车,False
603983,丸美生物,False
603985,恒润股份,False
603986,兆易创新,False
603987,康德莱,False
603988,中电电机,False
603989,艾华集团,False
603990,麦迪科技,False
603991,领先股份,False
603992,松霖科技,False
603993,洛阳钼业,False
603995,甬金股份,False
603997,继峰股份,False
603998,方盛制药,False
603999,XD读者传,False
605001,威奥股份,False
605003,众望布艺,False
605005,合兴股份,False
605006,山东玻纤,False
605007,五洲特纸,False
605008,长鸿高科,False
605009,豪悦护理,False
605011,杭州热电,False
605016,百龙创园,False
605018,长华集团,False
605020,永和股份,False
605028,世茂能源,False
605033,美邦股份,False
605050,福然德,False
605055,迎丰股份,False
605056,咸亨国际,False
605058,澳弘电子,False
605060,联德股份,False
605066,天正电气,False
605068,明新旭腾,False
605069,正和生态,False
605077,华康股份,False
605080,浙江自然,False
605086,龙高股份,False
605088,冠盛股份,False
605089,味知香,False
605090,九丰能源,False
605098,行动教育,False
605099,共创草坪,False
605100,华丰股份,False
605108,同庆楼,False
605111,新洁能,False
605116,奥锐特,False
605117,德业股份,False
605118,力鼎光电,False
605122,四方新材,False
605123,派克新材,False
605128,上海沿浦,False
605133,嵘泰股份,False
605136,丽人丽妆,False
605138,盛泰集团,False
605151,西上海,False
605155,西大门,False
605158,华达新材,False
605162,新中港,False
605166,聚合顺,False
605167,利柏特,False
605168,三人行,False
605169,洪通燃气,False
605177,东亚药业,False
605178,时空科技,False
605179,一鸣食品,False
605180,华生科技,False
605183,XD确成股,False
605186,健麾信息,False
605188,国光连锁,False
605189,富春染织,False
605196,华通线缆,False
605198,安德利,False
605199,ST葫芦娃,True
605208,永茂泰,False
605218,伟时电子,False
605222,起帆电缆,False
605228,神通科技,False
605255,天普股份,False
605258,协和电子,False
605259,绿田机械,False
605266,健之佳,False
605268,王力安防,False
605277,新亚电子,False
605286,同力天启,False
605287,德才股份,False
605288,凯迪股份,False
605289,罗曼股份,False
605296,神农集团,False
605298,必得科技,False
605299,舒华体育,False
605300,佳禾食品,False
605303,园林股份,False
605305,中际联合,False
605318,法狮龙,False
605319,XD无锡振,False
605333,沪光股份,False
605336,*ST帅电,True
605337,李子园,False
605338,巴比食品,False
605339,南侨食品,False
605358,立昂微,False
605365,立达信,False
605366,宏柏新材,False
605368,蓝天燃气,False
605369,拱东医疗,False
605376,博迁新材,False
605377,华旺科技,False
605378,野马电池,False
605388,均瑶健康,False
605389,长龄液压,False
605398,新炬网络,False
605399,晨光新材,False
605488,福莱新材,False
605499,东鹏饮料,False
605500,森林包装,False
605507,国邦医药,False
605555,德昌股份,False
605566,福莱蒽特,False
605567,春雪食品,False
605577,龙版传媒,False
605580,恒盛能源,False
605588,冠石科技,False
605589,圣泉集团,False
605598,上海港湾,False
605599,菜百股份,False
688001,华兴源创,False
688002,睿创微纳,False
688003,天准科技,False
688004,博汇科技,False
688005,容百科技,False
688006,杭可科技,False
688007,光峰科技,False
688008,澜起科技,False
688009,中国通号,False
688010,福光股份,False
688011,新光光电,False
688012,中微公司,False
688013,天臣医疗,False
688015,交控科技,False
688016,心脉医疗,False
688017,绿的谐波,False
688018,乐鑫科技,False
688019,安集科技,False
688020,方邦股份,False
688021,奥福科技,False
688022,ST瀚川,True
688023,安恒信息,False
688025,杰普特,False
688026,洁特生物,False
688027,国盾量子,False
688028,沃尔德,False
688029,南微医学,False
688030,山石网科,False
688031,星环科技-U,False
688032,禾迈股份,False
688033,*ST天宜,True
688035,德邦科技,False
688036,传音控股,False
688037,芯源微,False
688038,中科通达,False
688039,当虹科技,False
688041,海光信息,False
688045,必易微,False
688046,药康生物,False
688047,龙芯中科,False
688048,长光华芯,False
688049,炬芯科技,False
688050,爱博医疗,False
688051,佳华科技,False
688052,纳芯微,False
688053,ST思科瑞,True
688055,龙腾光电,False
688056,莱伯泰科,False
688057,金达莱,False
688058,宝兰德,False
688059,华锐精密,False
688060,云涌科技,False
688061,灿瑞科技,False
688062,迈威生物-U,False
688063,派能科技,False
688065,凯赛生物,False
688066,*ST航图,True
688067,爱威科技,False
688068,热景生物,False
688069,德林海,False
688070,纵横股份,False
688071,华依科技,False
688072,拓荆科技,False
688073,毕得医药,False
688075,安旭生物,False
688076,ST诺泰,True
688077,大地熊,False
688078,龙软科技,False
688079,美迪凯,False
688080,映翰通,False
688081,兴图新科,False
688082,盛美上海,False
688083,中望软件,False
688084,晶品特装,False
688085,三友医疗,False
688087,英科再生,False
688088,虹软科技,False
688089,ST嘉必优,True
688090,瑞松科技,False
688091,上海谊众,False
688092,爱科科技,False
688093,世华科技,False
688095,福昕软件,False
688096,京源环保,False
688097,博众精工,False
688098,申联生物,False
688099,晶晨股份,False
688100,威胜信息,False
688101,三达膜,False
688102,斯瑞新材,False
688103,国力电子,False
688105,诺唯赞,False
688106,金宏气体,False
688107,安路科技,False
688108,赛诺医疗,False
688109,品茗科技,False
688110,东芯股份,False
688111,金山办公,False
688112,鼎阳科技,False
688113,联测科技,False
688114,华大智造,False
688115,思林杰,False
688116,天奈科技,False
688117,圣诺生物,False
688118,普元信息,False
688119,中钢洛耐,False
688120,华海清科,False
688121,*ST卓然,True
688122,西部超导,False
688123,聚辰股份,False
688125,安达智能,False
688126,沪硅产业,False
688127,蓝特光学,False
688128,中国电研,False
688129,东来技术,False
688130,晶华微,False
688131,皓元医药,False
688132,邦彦技术,False
688133,泰坦科技,False
688135,利扬芯片,False
688136,科兴制药,False
688137,近岸蛋白,False
688138,清溢光电,False
688139,海尔生物,False
688141,杰华特,False
688143,长盈通,False
688146,中船特气,False
688147,微导纳米,False
688148,芳源股份,False
688150,莱特光电,False
688151,华强科技,False
688152,麒麟信安,False
688153,唯捷创芯,False
688155,先惠技术,False
688156,路德科技,False
688157,松井股份,False
688158,优刻得-W,False
688159,有方科技,False
688160,步科股份,False
688161,威高骨科,False
688162,巨一科技,False
688163,赛伦生物,False
688165,埃夫特-U,False
688166,博瑞医药,False
688167,炬光科技,False
688168,安博通,False
688169,石头科技,False
688170,德龙激光,False
688171,纬德信息,False
688172,燕东微,False
688173,希荻微,False
688175,高凌信息,False
688176,亚虹医药-U,False
688177,百奥泰,False
688178,万德斯,False
688179,阿拉丁,False
688180,君实生物-U,False
688181,八亿时空,False
688182,灿勤科技,False
688183,生益电子,False
688184,ST帕瓦,True
688185,康希诺,False
688186,广大特材,False
688187,时代电气,False
688188,柏楚电子,False
688189,ST南新,True
688190,云路股份,False
688191,智洋创新,False
688192,迪哲医药-U,False
688193,仁度生物,False
688195,腾景科技,False
688196,卓越新能,False
688197,首药控股-U,False
688198,佰仁医疗,False
688199,久日新材,False
688200,华峰测控,False
688201,ST信安,True
688202,美迪西,False
688203,海正生材,False
688205,德科立,False
688206,概伦电子,False
688207,格灵深瞳,False
688208,XD道通科,False
688209,英集芯,False
688210,统联精密,False
688211,中科微至,False
688212,澳华内镜,False
688213,思特威-W,False
688215,瑞晟智能,False
688216,气派科技,False
688217,睿昂基因,False
688218,江苏北人,False
688219,会通股份,False
688220,翱捷科技-U,False
688221,前沿生物-U,False
688222,成都先导,False
688223,晶科能源,False
688225,亚信安全,False
688226,威腾电气,False
688227,品高股份,False
688228,开普云,False
688229,博睿数据,False
688230,芯导科技,False
688231,隆达股份,False
688232,新点软件,False
688233,神工股份,False
688234,天岳先进,False
688235,百济神州,False
688236,春立医疗,False
688237,超卓航科,False
688238,和元生物,False
688239,航宇科技,False
688244,永信至诚,False
688246,嘉和美康,False
688247,宣泰医药,False
688248,南网科技,False
688249,晶合集成,False
688251,井松智能,False
688252,天德钰,False
688253,英诺特,False
688255,凯尔达,False
688256,寒武纪,False
688257,新锐股份,False
688258,卓易信息,False
688259,创耀科技,False
688260,昀冢科技,False
688261,东微半导,False
688262,国芯科技,False
688265,南模生物,False
688266,泽璟制药-U,False
688267,中触媒,False
688268,华特气体,False
688269,凯立新材,False
688270,ST臻镭,True
688271,联影医疗,False
688272,富吉瑞,False
688273,麦澜德,False
688275,万润新能,False
688276,百克生物,False
688277,天智航-U,False
688278,特宝生物,False
688279,峰岹科技,False
688280,精进电动-W,False
688281,华秦科技,False
688282,理工导航,False
688283,坤恒顺维,False
688285,高铁电气,False
688286,敏芯股份,False
688288,鸿泉技术,False
688289,圣湘生物,False
688290,景业智能,False
688291,金橙子,False
688292,浩瀚深度,False
688293,奥浦迈,False
688295,中复神鹰,False
688296,和达科技,False
688297,中无人机,False
688298,东方生物,False
688299,长阳科技,False
688300,联瑞新材,False
688301,奕瑞科技,False
688302,海创药业-U,False
688303,大全能源,False
688305,科德数控,False
688306,均普智能,False
688307,中润光学,False
688308,欧科亿,False
688309,恒誉科技,False
688310,迈得医疗,False
688311,盟升电子,False
688312,燕麦科技,False
688313,仕佳光子,False
688314,康拓医疗,False
688315,诺禾致源,False
688316,青云科技-U,False
688317,之江生物,False
688318,财富趋势,False
688319,欧林生物,False
688320,禾川科技,False
688321,微芯生物,False
688322,奥比中光-W,False
688323,瑞华泰,False
688325,赛微微电,False
688326,经纬恒润-W,False
688327,云从科技-UW,False
688328,深科达,False
688329,艾隆科技,False
688330,宏力达,False
688331,荣昌生物,False
688332,中科蓝讯,False
688333,铂力特,False
688334,西高院,False
688335,复洁科技,False
688336,三生国健,False
688337,普源精电,False
688338,赛科希德,False
688339,亿华通-U,False
688343,云天励飞-U,False
688345,博力威,False
688347,华虹宏力,False
688348,昱能科技,False
688349,三一重能,False
688350,富淼科技,False
688351,微电生理,False
688352,颀中科技,False
688353,华盛锂电,False
688355,明志科技,False
688356,键凯科技,False
688357,建龙微纳,False
688358,祥生医疗,False
688359,三孚新科,False
688360,德马科技,False
688361,中科飞测,False
688362,甬矽电子,False
688363,华熙生物,False
688365,光云科技,False
688366,昊海生科,False
688367,工大高科,False
688368,晶丰明源,False
688369,致远互联,False
688370,丛麟科技,False
688371,菲沃泰,False
688372,伟测科技,False
688373,盟科药业-U,False
688375,国博电子,False
688376,美埃科技,False
688377,迪威尔,False
688378,奥来德,False
688379,华光新材,False
688380,中微半导,False
688381,帝奥微,False
688382,益方生物-U,False
688383,新益昌,False
688385,复旦微电,False
688386,泛亚微透,False
688387,信科移动-U,False
688388,嘉元科技,False
688389,普门科技,False
688390,固德威,False
688391,钜泉科技,False
688392,骄成超声,False
688393,安必平,False
688395,正弦电气,False
688396,华润微,False
688398,赛特新材,False
688399,硕世生物,False
688400,凌云光,False
688401,路维光电,False
688403,汇成股份,False
688408,中信博,False
688409,富创精密,False
688410,XD山外山,False
688411,海博思创,False
688416,恒烁股份,False
688418,震有科技,False
688419,耐科装备,False
688420,美腾科技,False
688425,铁建重工,False
688426,康为世纪,False
688428,诺诚健华,False
688429,时创能源,False
688432,有研硅,False
688433,华曙高科,False
688435,英方软件,False
688439,振华风光,False
688443,智翔金泰-U,False
688448,磁谷科技,False
688449,联芸科技,False
688450,光格科技,False
688455,科捷智能,False
688456,有研粉材,False
688458,美芯晟,False
688459,哈铁科技,False
688466,金科环境,False
688468,科美诊断,False
688469,芯联集成-U,False
688472,阿特斯,False
688475,萤石网络,False
688478,晶升股份,False
688479,友车科技,False
688480,赛恩斯,False
688484,南芯科技,False
688485,九州一轨,False
688486,龙迅股份,False
688488,艾迪药业,False
688489,三未信安,False
688496,*ST清越,True
688498,源杰科技,False
688499,利元亨,False
688500,慧辰股份,False
688501,青达环保,False
688502,茂莱光学,False
688503,聚和材料,False
688505,复旦张江,False
688506,百利天恒,False
688507,索辰科技,False
688508,芯朋微,False
688509,正元地信,False
688510,航亚科技,False
688511,天微电子,False
688512,慧智微-U,False
688513,苑东生物,False
688515,裕太微-U,False
688516,奥特维,False
688517,金冠电气,False
688518,联赢激光,False
688519,南亚新材,False
688520,神州细胞,False
688521,芯原股份,False
688522,纳睿雷达,False
688523,航天环宇,False
688525,佰维存储,False
688526,科前生物,False
688528,秦川物联,False
688529,豪森智能,False
688530,欧莱新材,False
688531,日联科技,False
688533,上声电子,False
688535,华海诚科,False
688536,思瑞浦,False
688538,和辉光电-U,False
688539,高华科技,False
688543,国科军工,False
688545,兴福电子,False
688548,广钢气体,False
688549,中巨芯-U,False
688550,瑞联新材,False
688551,科威尔,False
688552,航天南湖,False
688553,汇宇制药-W,False
688556,高测股份,False
688557,兰剑智能,False
688558,国盛智科,False
688559,海目星,False
688560,明冠新材,False
688561,奇安信-U,False
688562,航天软件,False
688563,航材股份,False
688565,力源科技,False
688566,吉贝尔,False
688567,孚能科技,False
688568,中科星图,False
688569,铁科轨道,False
688570,天玛智控,False
688571,杭华股份,False
688573,信宇人,False
688575,亚辉龙,False
688576,西山科技,False
688577,浙海德曼,False
688578,艾力斯,False
688579,地纬智能,False
688580,伟思医疗,False
688581,安杰思,False
688582,芯动联科,False
688583,思看科技,False
688584,上海合晶,False
688585,上纬新材,False
688586,江航装备,False
688588,凌志软件,False
688589,力合微,False
688590,新致软件,False
688591,泰凌微,False
688592,司南导航,False
688593,新相微,False
688595,芯海科技,False
688596,正帆科技,False
688597,煜邦电力,False
688598,金博股份,False
688599,天合光能,False
688600,皖仪科技,False
688601,力芯微,False
688602,康鹏科技,False
688603,天承科技,False
688605,先锋精科,False
688606,奥泰生物,False
688607,康众科技,False
688608,恒玄科技,False
688609,九联科技,False
688610,埃科光电,False
688611,杭州柯林,False
688612,威迈斯,False
688613,奥精医疗,False
688615,合合信息,False
688616,西力科技,False
688617,惠泰医疗,False
688618,三旺通信,False
688619,罗普特,False
688620,安凯微,False
688621,阳光诺和,False
688622,*ST禾信,True
688623,双元科技,False
688625,呈和科技,False
688626,翔宇医疗,False
688627,精智达,False
688628,优利德,False
688629,XD华丰科,False
688630,芯碁微装,False
688631,莱斯信息,False
688633,星球石墨,False
688635,长进光子,False
688636,智明达,False
688638,誉辰智能,False
688639,华恒生物,False
688646,逸飞激光,False
688648,中邮科技,False
688651,盛邦安全,False
688652,京仪装备,False
688653,康希通信,False
688655,迅捷兴,False
688656,浩欧博,False
688657,浩辰软件,False
688658,悦康药业,False
688659,元琛科技,False
688660,电气风电,False
688661,和林微纳,False
688662,富信科技,False
688663,新风光,False
688665,四方光电,False
688667,菱电电控,False
688668,XD鼎通科,False
688669,聚石化学,False
688670,金迪克,False
688671,碧兴物联,False
688676,金盘科技,False
688677,海泰新光,False
688678,福立旺,False
688679,通源环境,False
688680,海优新材,False
688681,科汇股份,False
688682,霍莱沃,False
688683,莱尔科技,False
688685,迈信林,False
688686,奥普特,False
688687,凯因科技,False
688689,银河微电,False
688690,纳微科技,False
688691,灿芯股份,False
688692,达梦数据,False
688693,锴威特,False
688695,中创股份,False
688696,极米科技,False
688697,纽威数控,False
688698,伟创电气,False
688699,XD明微电,False
688700,东威科技,False
688701,卓锦股份,False
688702,盛科通信-U,False
688707,振华新材,False
688708,佳驰科技,False
688709,成都华微,False
688710,益诺思,False
688711,宏微科技,False
688712,北芯生命,False
688716,中研股份,False
688717,艾罗能源,False
688718,唯赛勃,False
688719,爱科赛博,False
688720,艾森股份,False
688721,龙图光罩,False
688722,同益中,False
688726,拉普拉斯,False
688727,恒坤新材,False
688728,格科微,False
688729,屹唐股份,False
688733,壹石通,False
688737,中自科技,False
688739,成大生物,False
688750,金天钛业,False
688755,汉邦科技,False
688757,胜科纳米,False
688758,赛分科技,False
688759,必贝特-U,False
688765,禾元生物-U,False
688766,普冉股份,False
688767,博拓生物,False
688768,容知日新,False
688772,珠海冠宇,False
688775,影石创新,False
688776,国光电气,False
688777,中控技术,False
688778,厦钨新能,False
688779,五矿新能,False
688781,视涯科技-UW,False
688783,西安奕材-U,False
688785,恒运昌,False
688786,悦安新材,False
688787,海天瑞声,False
688788,科思科技,False
688789,宏华数科,False
688790,昂瑞微-UW,False
688793,倍轻松,False
688795,摩尔线程-U,False
688796,百奥赛图,False
688797,臻宝科技,False
688798,艾为电子,False
688799,华纳药厂,False
688800,瑞可达,False
688801,燧原科技-U,False
688802,沐曦股份-U,False
688805,健信超导,False
688806,泰诺麦博-U,False
688807,优迅股份,False
688808,联讯仪器,False
688809,强一股份,False
688811,有研复材,False
688813,泰金新能,False
688816,易思维,False
688818,电科蓝天,False
688819,天能股份,False
688820,盛合晶微,False
688825,长鑫科技,False
688826,频准激光,False
688828,国仪公司-U,False
688835,高凯技术,False
688836,宇树科技-W,False
688837,信诺维,False
688981,中芯国际,False
689009,九号公司-WD,False
920000,XD安徽凤,False
920001,纬达光电,False
920002,万达轴承,False
920003,中诚咨询,False
920005,鼎佳精密,False
920006,晟楠科技,False
920007,酉立智能,False
920008,成电光信,False
920009,丹娜生物,False
920010,凯添燃气,False
920011,晨光电机,False
920012,创达新材,False
920014,特瑞斯,False
920015,锦华新材,False
920016,中草香料,False
920017,星昊医药,False
920018,宏远股份,False
920019,铜冠矿建,False
920020,泰凯英,False
920021,流金科技,False
920022,世昌股份,False
920023,*ST田野,True
920025,凯达重工,False
920026,卓兆点胶,False
920027,交大铁发,False
920028,新恒泰,False
920029,开发科技,False
920030,德众汽车,False
920033,康普化学,False
920035,精创电气,False
920036,觅睿科技,False
920037,广信科技,False
920038,森合高科,False
920039,国义招标,False
920045,蘅东光,False
920046,亿能电力,False
920047,诺思兰德,False
920050,爱伦医疗,False
920055,隆源股份,False
920056,能之光,False
920057,百甲科技,False
920058,华洋赛车,False
920059,双英集团,False
920060,万源通,False
920061,西磁科技,False
920062,科润智控,False
920065,千岸科技,False
920066,科拜尔,False
920068,天工股份,False
920069,普昂医疗,False
920071,金钛股份,False
920072,XD科莱瑞,False
920075,柏星龙,False
920076,国亮新材,False
920077,吉林碳谷,False
920078,族兴新材,False
920079,乔路铭,False
920080,奥美森,False
920081,欧伦电气,False
920082,方正阀门,False
920083,金戈新材,False
920086,科马材料,False
920087,秋乐种业,False
920088,科力股份,False
920089,禾昌聚合,False
920090,*ST同辉,True
920091,大鹏工业,False
920092,汉鑫科技,False
920093,信胜科技,False
920096,嘉晨智能,False
920098,科隆新材,False
920099,瑞华技术,False
920100,三协电机,False
920101,志高机械,False
920106,林泰新材,False
920107,恒兴股份,False
920108,宏海科技,False
920110,雷特科技,False
920111,聚星科技,False
920112,巴兰仕,False
920116,星图测控,False
920117,龙鑫智能,False
920118,太湖远大,False
920119,美德乐,False
920121,江天科技,False
920122,中纺标,False
920123,芭薇股份,False
920124,南特科技,False
920125,鸿仕达,False
920126,永大股份,False
920128,胜业电气,False
920130,立方控股,False
920132,泰鹏智能,False
920136,永励精密,False
920138,杰理科技,False
920139,华岭股份,False
920145,恒合股份,False
920146,华阳变速,False
920149,旭杰科技,False
920152,昆工科技,False
920156,海昌智能,False
920158,长江能科,False
920159,农大科技,False
920160,北矿检测,False
920161,龙辰科技,False
920163,方大新材,False
920165,珈凯生物,False
920166,海圣医疗,False
920167,同享科技,False
920168,通宝光电,False
920169,七丰精工,False
920171,志晟信息,False
920174,五新智能,False
920175,东方碳素,False
920176,维琪科技,False
920177,恒道科技,False
920178,锐翔智能,False
920179,凯德石英,False
920180,爱得科技,False
920181,赛英电子,False
920183,海菲曼,False
920184,国源科技,False
920185,贝特瑞,False
920186,XD中科仪,False
920187,通领科技,False
920188,悦龙科技,False
920189,康美特,False
920190,雷神科技,False
920191,瑞尔竞达,False
920193,吉和昌,False
920195,三祥科技,False
920198,微创光电,False
920199,倍益康,False
920200,振宏股份,False
920201,百瑞吉,False
920202,安达股份,False
920204,沪江材料,False
920206,彩客科技,False
920207,众诚科技,False
920208,青矩技术,False
920211,新睿电子,False
920212,智新电子,False
920218,新天力,False
920220,朗信电气,False
920221,易实精密,False
920222,XD益坤电,False
920223,荣亿精密,False
920225,利通科技,False
920227,美登科技,False
920229,世纪数码,False
920230,欧康医药,False
920237,力佳科技,False
920238,长鹰硬科,False
920239,长虹能源,False
920242,建邦科技,False
920245,威博液压,False
920247,华密新材,False
920249,利尔达,False
920252,天宏锂电,False
920258,聚仁新材,False
920260,中寰股份,False
920261,一诺威,False
920262,太湖雪,False
920263,中航泰达,False
920266,生物谷,False
920267,鑫汇科,False
920268,百迈科,False
920269,杰锋动力,False
920270,天铭科技,False
920271,邦德股份,False
920273,一致魔芋,False
920274,宏裕包材,False
920275,驱动力,False
920278,鹿得医疗,False
920284,灵鸽科技,False
920288,华大海天,False
920289,华汇智能,False
920298,腾信精密,False
920299,灿能电力,False
920300,辰光医疗,False
920304,迪尔化工,False
920339,恒太照明,False
920344,三元基因,False
920346,威贸电子,False
920351,华光源海,False
920357,雅葆轩,False
920363,莱赛激光,False
920367,新赣江,False
920368,连城数控,False
920370,新安洁,False
920371,欧福蛋业,False
920374,云里物里,False
920375,派诺科技,False
920378,泰德股份,False
920392,佳合科技,False
920394,民士达,False
920395,朗鸿科技,False
920396,常辅股份,False
920402,硅烷科技,False
920403,康农种业,False
920405,海希通讯,False
920407,驰诚股份,False
920414,欧普泰,False
920415,恒拓开源,False
920418,苏轴股份,False
920419,路斯股份,False
920422,润普食品,False
920425,乐创技术,False
920427,华维设计,False
920429,康比特,False
920433,大唐药业,False
920436,大地电气,False
920438,戈碧迦,False
920445,龙竹科技,False
920454,同心传动,False
920455,汇隆活塞,False
920469,富恒新材,False
920471,美邦科技,False
920475,三友科技,False
920476,海能技术,False
920478,峆一药业,False
920489,佳先股份,False
920491,奥迪威,False
920493,并行科技,False
920496,许昌智能,False
920504,博迅生物,False
920505,九菱科技,False
920508,殷图网联,False
920509,同惠电子,False
920510,丰光精密,False
920519,万德股份,False
920522,纳科诺尔,False
920523,德瑞锂电,False
920526,凯华材料,False
920527,夜光明,False
920533,骏创科技,False
920541,铁大科技,False
920547,无锡晶海,False
920553,凯腾精工,False
920556,雅达股份,False
920564,天润科技,False
920566,梓橦宫,False
920570,坤博精工,False
920571,国航远洋,False
920575,*ST康乐,True
920576,天力复合,False
920578,巨能股份,False
920579,机科股份,False
920580,科创新材,False
920592,华信永道,False
920593,鼎智科技,False
920599,同力股份,False
920608,丰安股份,False
920627,力王股份,False
920634,新威凌,False
920639,晨光电缆,False
920640,富士达,False
920641,格利尔,False
920642,通易航天,False
920651,天罡股份,False
920656,海昇药业,False
920662,方盛股份,False
920663,明阳科技,False
920665,科强股份,False
920670,数字人,False
920675,秉扬科技,False
920679,前进科技,False
920682,球冠电缆,False
920685,新芝生物,False
920689,克莱特,False
920690,捷众科技,False
920693,阿为特,False
920694,中裕科技,False
920699,海达尔,False
920701,豪声电子,False
920703,广厦环能,False
920706,铁拓机械,False
920717,瑞星股份,False
920718,合肥高科,False
920719,宁新新材,False
920720,吉冈精密,False
920725,惠丰钻石,False
920726,朱老六,False
920729,永顺生物,False
920735,德源药业,False
920748,路桥信息,False
920751,惠同新材,False
920753,天纺标,False
920765,美之高,False
920768,拾比佰,False
920770,艾能聚,False
920779,武汉蓝电,False
920781,瑞奇智造,False
920786,骑士乳业,False
920790,联迪信息,False
920792,东和新材,False
920799,艾融软件,False
920802,保丽洁,False
920806,云星宇,False
920807,奔朗新材,False
920808,曙光数创,False
920809,安达科技,False
920810,春光智能,False
920819,颖泰生物,False
920821,则成电子,False
920826,盖世食品,False
920832,齐鲁华信,False
920833,美心翼申,False
920834,三维装备,False
920837,华原股份,False
920839,万通液压,False
920855,浙江大农,False
920856,浩淼科技,False
920857,泓禧科技,False
920866,绿亨科技,False
920870,恒进感应,False
920871,派特尔,False
920873,中设咨询,False
920876,慧为智能,False
920879,基康技术,False
920885,星辰科技,False
920892,广咨国际,False
920895,花溪科技,False
920896,旺成科技,False
920906,舜宇精工,False
920914,远航精密,False
920924,广脉科技,False
920925,锦好医疗,False
920926,鸿智科技,False
920931,无锡鼎邦,False
920932,科达自控,False
920942,恒立钻具,False
920943,优机股份,False
920946,森萱医药,False
920950,迅安科技,False
920953,国子软件,False
920957,汉维科技,False
920961,创远信科,False
920964,润农节水,False
920970,大禹生物,False
920971,天马新材,False
920974,凯大催化,False
920976,视声智能,False
920978,开特股份,False
920981,晶赛科技,False
920982,锦波生物,False
920985,海泰新能,False
920992,中科美菱,False
